{
  "type": "FeatureCollection",
  "features": [
    {
      "type": "Feature",
      "properties": {
        "name": "Центральный",
        "color": "#FF6B6B",
        "value": "12"
      },
      "geometry": {
        "type": "Polygon",
        "coordinates": [
          [
            [37.51393, 55.75842],
            [37.51567, 55.75909],
            [37.51663, 55.75946],
            [37.51927, 55.76047],
            [37.51993, 55.76072],
            [37.52038, 55.7609],
            [37.52097, 55.76112],
            [37.52117, 55.76124],
            [37.52152, 55.76137],
            [37.52159, 55.76139],
            [37.52166, 55.76142],
            [37.52173, 55.76144],
            [37.5218, 55.76146],
            [37.52187, 55.76149],
            [37.52194, 55.76151],
            [37.52256, 55.76169],
            [37.52429, 55.75985],
            [37.52439, 55.75988],
            [37.52507, 55.76011],
            [37.52561, 55.76049],
            [37.52642, 55.76092],
            [37.52678, 55.76108],
            [37.52688, 55.76114],
            [37.52834, 55.76176],
            [37.52885, 55.76198],
            [37.53182, 55.76322],
            [37.53212, 55.76337],
            [37.53228, 55.76348],
            [37.53311, 55.76436],
            [37.53358, 55.76471],
            [37.53386, 55.76488],
            [37.53415, 55.7651],
            [37.53429, 55.76539],
            [37.53462, 55.7659],
            [37.53466, 55.766],
            [37.53473, 55.7662],
            [37.53606, 55.7661],
            [37.53624, 55.76738],
            [37.53663, 55.76907],
            [37.53728, 55.76971],
            [37.53792, 55.77037],
            [37.53896, 55.77113],
            [37.54057, 55.77195],
            [37.54186, 55.77241],
            [37.5434, 55.77279],
            [37.54443, 55.77299],
            [37.54634, 55.77315],
            [37.54808, 55.77311],
            [37.55192, 55.77341],
            [37.55551, 55.77384],
            [37.55917, 55.77422],
            [37.56692, 55.775],
            [37.57108, 55.77543],
            [37.57312, 55.77547],
            [37.57369, 55.77548],
            [37.57523, 55.77552],
            [37.57599, 55.77561],
            [37.57673, 55.77575],
            [37.57746, 55.77594],
            [37.5781, 55.77615],
            [37.57999, 55.77693],
            [37.5811, 55.77743],
            [37.58131, 55.77754],
            [37.58145, 55.77762],
            [37.58182, 55.77783],
            [37.58202, 55.77797],
            [37.58224, 55.77811],
            [37.58246, 55.77825],
            [37.58256, 55.77831],
            [37.58266, 55.77837],
            [37.58307, 55.7786],
            [37.58325, 55.77871],
            [37.58342, 55.77882],
            [37.58378, 55.77906],
            [37.58391, 55.77916],
            [37.58406, 55.77927],
            [37.58457, 55.77968],
            [37.58479, 55.77987],
            [37.58499, 55.78015],
            [37.58511, 55.78034],
            [37.5852, 55.78048],
            [37.58544, 55.78102],
            [37.58567, 55.78161],
            [37.58585, 55.78206],
            [37.58596, 55.78238],
            [37.58607, 55.7827],
            [37.58612, 55.78289],
            [37.58624, 55.78325],
            [37.58634, 55.78358],
            [37.58639, 55.78378],
            [37.58644, 55.78398],
            [37.58656, 55.78439],
            [37.58679, 55.78519],
            [37.58684, 55.78542],
            [37.58691, 55.78568],
            [37.58699, 55.78595],
            [37.58742, 55.78748],
            [37.58756, 55.78806],
            [37.58768, 55.78864],
            [37.58787, 55.78971],
            [37.58801, 55.79024],
            [37.58814, 55.79075],
            [37.58827, 55.79118],
            [37.58844, 55.79161],
            [37.58858, 55.792],
            [37.58817, 55.7923],
            [37.58774, 55.79258],
            [37.58806, 55.79256],
            [37.5881, 55.79254],
            [37.58813, 55.79253],
            [37.58817, 55.79252],
            [37.58822, 55.79251],
            [37.58886, 55.79242],
            [37.58912, 55.79238],
            [37.5892, 55.79238],
            [37.58927, 55.79237],
            [37.58936, 55.79238],
            [37.58944, 55.79238],
            [37.58993, 55.79242],
            [37.59003, 55.79243],
            [37.59017, 55.79243],
            [37.59167, 55.79245],
            [37.59226, 55.79244],
            [37.5928, 55.79245],
            [37.59363, 55.79242],
            [37.59439, 55.79234],
            [37.59566, 55.79222],
            [37.59925, 55.79248],
            [37.59928, 55.79238],
            [37.59931, 55.79229],
            [37.59976, 55.79082],
            [37.5999, 55.79031],
            [37.60012, 55.7895],
            [37.60015, 55.7894],
            [37.60037, 55.78874],
            [37.60042, 55.78861],
            [37.60061, 55.78803],
            [37.60068, 55.78782],
            [37.60077, 55.7876],
            [37.60088, 55.78733],
            [37.60113, 55.78672],
            [37.60119, 55.78658],
            [37.60152, 55.78569],
            [37.6016, 55.78546],
            [37.60166, 55.78529],
            [37.60166, 55.78527],
            [37.60171, 55.78514],
            [37.60189, 55.78516],
            [37.60204, 55.78517],
            [37.60216, 55.78518],
            [37.60269, 55.78522],
            [37.60286, 55.78523],
            [37.60358, 55.78529],
            [37.60374, 55.7853],
            [37.60388, 55.78531],
            [37.60434, 55.78535],
            [37.60453, 55.78533],
            [37.60468, 55.78529],
            [37.60545, 55.78493],
            [37.60568, 55.78483],
            [37.606, 55.78469],
            [37.60632, 55.78457],
            [37.60663, 55.78445],
            [37.60675, 55.7844],
            [37.60679, 55.78439],
            [37.60711, 55.78428],
            [37.60733, 55.78421],
            [37.60791, 55.78401],
            [37.60806, 55.78396],
            [37.6093, 55.78354],
            [37.60975, 55.78339],
            [37.6102, 55.78325],
            [37.61037, 55.7832],
            [37.61093, 55.78302],
            [37.6113, 55.7829],
            [37.61139, 55.78288],
            [37.61149, 55.78284],
            [37.61187, 55.78272],
            [37.61225, 55.78259],
            [37.61241, 55.78262],
            [37.61255, 55.78268],
            [37.61273, 55.78288],
            [37.61291, 55.78331],
            [37.61296, 55.78338],
            [37.61309, 55.7834],
            [37.61376, 55.78339],
            [37.61457, 55.78351],
            [37.61478, 55.78348],
            [37.61493, 55.78338],
            [37.61515, 55.78316],
            [37.61518, 55.78348],
            [37.61538, 55.78389],
            [37.61552, 55.78413],
            [37.61561, 55.78428],
            [37.61594, 55.78483],
            [37.61613, 55.78515],
            [37.61622, 55.7853],
            [37.61627, 55.78538],
            [37.61672, 55.78615],
            [37.61682, 55.78643],
            [37.6168, 55.78682],
            [37.61677, 55.78731],
            [37.61671, 55.78779],
            [37.6167, 55.78785],
            [37.61669, 55.7879],
            [37.61664, 55.78837],
            [37.61663, 55.78852],
            [37.61662, 55.78864],
            [37.61655, 55.78937],
            [37.61652, 55.78971],
            [37.61651, 55.78981],
            [37.61641, 55.79123],
            [37.6164, 55.79142],
            [37.61639, 55.79154],
            [37.61633, 55.7923],
            [37.61632, 55.79247],
            [37.6163, 55.79291],
            [37.61631, 55.79314],
            [37.61698, 55.79312],
            [37.61817, 55.79309],
            [37.61936, 55.79302],
            [37.62343, 55.79276],
            [37.62462, 55.79269],
            [37.62796, 55.79252],
            [37.62895, 55.79238],
            [37.62974, 55.79226],
            [37.63153, 55.79193],
            [37.63226, 55.79185],
            [37.63279, 55.79181],
            [37.63343, 55.79181],
            [37.63407, 55.79183],
            [37.63462, 55.79186],
            [37.63457, 55.79228],
            [37.63442, 55.7942],
            [37.63442, 55.79462],
            [37.63475, 55.79602],
            [37.63494, 55.79695],
            [37.63499, 55.79714],
            [37.63535, 55.79696],
            [37.6365, 55.79639],
            [37.63827, 55.79566],
            [37.64046, 55.7946],
            [37.64296, 55.79298],
            [37.64553, 55.79127],
            [37.6463, 55.79089],
            [37.647, 55.7906],
            [37.64773, 55.79038],
            [37.64823, 55.79024],
            [37.64876, 55.79011],
            [37.65015, 55.78972],
            [37.65152, 55.78937],
            [37.6556, 55.78838],
            [37.66003, 55.78752],
            [37.66106, 55.78732],
            [37.66252, 55.78701],
            [37.66384, 55.78676],
            [37.66709, 55.78614],
            [37.67228, 55.78522],
            [37.67407, 55.78489],
            [37.67458, 55.78479],
            [37.67509, 55.78468],
            [37.67575, 55.78453],
            [37.67831, 55.78402],
            [37.68267, 55.78316],
            [37.686, 55.78252],
            [37.68882, 55.78191],
            [37.69225, 55.78184],
            [37.6926, 55.78196],
            [37.69634, 55.78194],
            [37.69679, 55.78202],
            [37.69939, 55.78197],
            [37.69952, 55.78197],
            [37.6999, 55.78191],
            [37.69998, 55.78191],
            [37.70061, 55.78189],
            [37.70124, 55.78185],
            [37.7019, 55.78177],
            [37.70253, 55.78165],
            [37.70318, 55.78152],
            [37.7043, 55.78124],
            [37.70507, 55.78104],
            [37.70525, 55.78099],
            [37.70609, 55.78074],
            [37.70713, 55.78038],
            [37.70774, 55.78016],
            [37.7083, 55.77991],
            [37.70879, 55.77962],
            [37.70934, 55.77928],
            [37.70992, 55.77887],
            [37.71043, 55.77845],
            [37.71093, 55.778],
            [37.71268, 55.77617],
            [37.71333, 55.77548],
            [37.71352, 55.77526],
            [37.71318, 55.77511],
            [37.71291, 55.77498],
            [37.7125, 55.77477],
            [37.71202, 55.77453],
            [37.71188, 55.77447],
            [37.71179, 55.77442],
            [37.71166, 55.77435],
            [37.71106, 55.77406],
            [37.71045, 55.77374],
            [37.71026, 55.77365],
            [37.71012, 55.77357],
            [37.70987, 55.77345],
            [37.70973, 55.77338],
            [37.70965, 55.77334],
            [37.70897, 55.773],
            [37.70833, 55.77269],
            [37.70764, 55.77234],
            [37.70737, 55.77222],
            [37.70661, 55.77184],
            [37.70568, 55.77141],
            [37.70542, 55.77127],
            [37.70529, 55.77119],
            [37.70515, 55.7711],
            [37.70482, 55.77083],
            [37.70473, 55.77077],
            [37.70465, 55.77073],
            [37.70435, 55.77061],
            [37.70395, 55.7705],
            [37.7038, 55.77046],
            [37.70347, 55.77037],
            [37.70309, 55.77024],
            [37.70277, 55.77013],
            [37.70252, 55.77003],
            [37.7018, 55.76959],
            [37.70036, 55.7687],
            [37.69937, 55.76804],
            [37.69919, 55.76792],
            [37.69895, 55.76777],
            [37.69889, 55.76773],
            [37.69874, 55.76763],
            [37.69793, 55.76713],
            [37.69765, 55.76695],
            [37.69754, 55.76688],
            [37.69749, 55.76684],
            [37.69738, 55.7668],
            [37.6973, 55.76679],
            [37.69722, 55.7668],
            [37.69707, 55.76681],
            [37.69703, 55.76683],
            [37.69692, 55.76688],
            [37.6968, 55.76694],
            [37.69542, 55.76772],
            [37.69409, 55.76847],
            [37.69286, 55.76914],
            [37.69243, 55.76935],
            [37.69237, 55.76938],
            [37.69232, 55.7694],
            [37.69219, 55.76948],
            [37.69038, 55.76848],
            [37.68904, 55.76777],
            [37.68844, 55.76713],
            [37.68729, 55.7657],
            [37.68612, 55.76431],
            [37.68585, 55.76398],
            [37.68575, 55.76355],
            [37.68601, 55.7622],
            [37.68539, 55.76153],
            [37.68416, 55.76027],
            [37.68259, 55.75954],
            [37.6818, 55.75931],
            [37.68095, 55.75914],
            [37.68022, 55.75907],
            [37.67947, 55.75906],
            [37.67649, 55.7592],
            [37.67513, 55.75931],
            [37.67391, 55.75937],
            [37.67302, 55.75933],
            [37.6723, 55.75916],
            [37.67133, 55.75868],
            [37.67096, 55.75835],
            [37.67076, 55.75792],
            [37.67136, 55.75663],
            [37.67168, 55.75612],
            [37.67226, 55.75508],
            [37.67271, 55.75442],
            [37.67294, 55.754],
            [37.67305, 55.75369],
            [37.67302, 55.75317],
            [37.67255, 55.75239],
            [37.67185, 55.7518],
            [37.67108, 55.75115],
            [37.67053, 55.75075],
            [37.67105, 55.75056],
            [37.67168, 55.75036],
            [37.67233, 55.75021],
            [37.67311, 55.75005],
            [37.67599, 55.74959],
            [37.67664, 55.74948],
            [37.67762, 55.74932],
            [37.67836, 55.74919],
            [37.67981, 55.74893],
            [37.68066, 55.74875],
            [37.68154, 55.74853],
            [37.68244, 55.74827],
            [37.6832, 55.748],
            [37.68395, 55.74769],
            [37.68478, 55.74729],
            [37.68487, 55.74731],
            [37.68597, 55.74677],
            [37.68695, 55.74636],
            [37.68994, 55.745],
            [37.69234, 55.74387],
            [37.6923, 55.74384],
            [37.6937, 55.74318],
            [37.69528, 55.74232],
            [37.69616, 55.7417],
            [37.69708, 55.74079],
            [37.69792, 55.73959],
            [37.69949, 55.73674],
            [37.69984, 55.73632],
            [37.69929, 55.73638],
            [37.69886, 55.73644],
            [37.69848, 55.73562],
            [37.69841, 55.73547],
            [37.69835, 55.7354],
            [37.69831, 55.73535],
            [37.6972, 55.7339],
            [37.69717, 55.73386],
            [37.69709, 55.73376],
            [37.69661, 55.73313],
            [37.6961, 55.73247],
            [37.69574, 55.732],
            [37.69513, 55.73118],
            [37.69451, 55.7303],
            [37.69396, 55.72953],
            [37.6937, 55.7293],
            [37.6936, 55.72929],
            [37.69331, 55.72928],
            [37.69304, 55.72929],
            [37.69264, 55.72937],
            [37.69216, 55.72954],
            [37.69094, 55.73018],
            [37.6882, 55.73177],
            [37.6869, 55.73245],
            [37.6856, 55.73294],
            [37.68536, 55.733],
            [37.68543, 55.73258],
            [37.68583, 55.73018],
            [37.68584, 55.73011],
            [37.68406, 55.73003],
            [37.6841, 55.72958],
            [37.6833, 55.72907],
            [37.68144, 55.72904],
            [37.68157, 55.72847],
            [37.68047, 55.7284],
            [37.68048, 55.72833],
            [37.68051, 55.72815],
            [37.68052, 55.72806],
            [37.68056, 55.72778],
            [37.68057, 55.72769],
            [37.67892, 55.72826],
            [37.67886, 55.7282],
            [37.67875, 55.72811],
            [37.67862, 55.72799],
            [37.67843, 55.72783],
            [37.67807, 55.72752],
            [37.67757, 55.72731],
            [37.67256, 55.72624],
            [37.67064, 55.7258],
            [37.67056, 55.72591],
            [37.67016, 55.72655],
            [37.66971, 55.72724],
            [37.66963, 55.72737],
            [37.6692, 55.72802],
            [37.66866, 55.72885],
            [37.66813, 55.7297],
            [37.66792, 55.73003],
            [37.66773, 55.73039],
            [37.66766, 55.73059],
            [37.66749, 55.73083],
            [37.66746, 55.73086],
            [37.66682, 55.73122],
            [37.66624, 55.73154],
            [37.66581, 55.73164],
            [37.66443, 55.73147],
            [37.66409, 55.73139],
            [37.66366, 55.73129],
            [37.6634, 55.73124],
            [37.66303, 55.73116],
            [37.66134, 55.73084],
            [37.66082, 55.73073],
            [37.66069, 55.7307],
            [37.66071, 55.73068],
            [37.66076, 55.7306],
            [37.6622, 55.72844],
            [37.66309, 55.72686],
            [37.66313, 55.72676],
            [37.66298, 55.72675],
            [37.66285, 55.72674],
            [37.66268, 55.72673],
            [37.6624, 55.72671],
            [37.66198, 55.72668],
            [37.66027, 55.7266],
            [37.65672, 55.72637],
            [37.65621, 55.7271],
            [37.65577, 55.72762],
            [37.65421, 55.72882],
            [37.65223, 55.72804],
            [37.65203, 55.72821],
            [37.65175, 55.72813],
            [37.65155, 55.72814],
            [37.65112, 55.72826],
            [37.65079, 55.72832],
            [37.65052, 55.72837],
            [37.64996, 55.72851],
            [37.6491, 55.72872],
            [37.64877, 55.7288],
            [37.64824, 55.72894],
            [37.64795, 55.72901],
            [37.64706, 55.72923],
            [37.64637, 55.72941],
            [37.64602, 55.7295],
            [37.64594, 55.7294],
            [37.64556, 55.72889],
            [37.64494, 55.72808],
            [37.64491, 55.72801],
            [37.6449, 55.72794],
            [37.64452, 55.72607],
            [37.64438, 55.72537],
            [37.6441, 55.72402],
            [37.64408, 55.72388],
            [37.64407, 55.72383],
            [37.64406, 55.72379],
            [37.64405, 55.72373],
            [37.64403, 55.72365],
            [37.64399, 55.72348],
            [37.64379, 55.72255],
            [37.64377, 55.72247],
            [37.64377, 55.72243],
            [37.64317, 55.72235],
            [37.64191, 55.72218],
            [37.64173, 55.72216],
            [37.64121, 55.7224],
            [37.64064, 55.72267],
            [37.63978, 55.72289],
            [37.63909, 55.72307],
            [37.63859, 55.72317],
            [37.63836, 55.72321],
            [37.63814, 55.72325],
            [37.6372, 55.72342],
            [37.63661, 55.72352],
            [37.63646, 55.72353],
            [37.63641, 55.72338],
            [37.6364, 55.72335],
            [37.63614, 55.72268],
            [37.63584, 55.72202],
            [37.63439, 55.72231],
            [37.63403, 55.72239],
            [37.63372, 55.72245],
            [37.63307, 55.72259],
            [37.63154, 55.72218],
            [37.63141, 55.72215],
            [37.63112, 55.72208],
            [37.63022, 55.72187],
            [37.62789, 55.72136],
            [37.62759, 55.72134],
            [37.6272, 55.72129],
            [37.6268, 55.72127],
            [37.62556, 55.72117],
            [37.6239, 55.72101],
            [37.62382, 55.721],
            [37.62357, 55.72098],
            [37.62273, 55.72091],
            [37.6224, 55.72088],
            [37.62198, 55.72084],
            [37.6179, 55.7203],
            [37.61777, 55.72028],
            [37.61755, 55.72026],
            [37.61696, 55.72021],
            [37.61567, 55.7201],
            [37.61557, 55.72009],
            [37.61504, 55.72056],
            [37.61441, 55.721],
            [37.61417, 55.72109],
            [37.612, 55.72127],
            [37.61114, 55.72135],
            [37.61017, 55.72143],
            [37.60977, 55.72039],
            [37.6094, 55.71948],
            [37.60905, 55.71955],
            [37.60727, 55.71988],
            [37.60542, 55.72023],
            [37.60531, 55.72025],
            [37.60517, 55.72028],
            [37.60343, 55.72064],
            [37.60227, 55.72089],
            [37.60181, 55.72098],
            [37.60149, 55.72105],
            [37.60144, 55.72106],
            [37.6007, 55.72126],
            [37.60047, 55.72131],
            [37.60038, 55.72135],
            [37.59813, 55.71985],
            [37.59749, 55.72014],
            [37.59724, 55.71996],
            [37.59686, 55.72013],
            [37.5968, 55.72009],
            [37.59599, 55.71956],
            [37.59566, 55.71936],
            [37.59408, 55.71833],
            [37.59256, 55.71915],
            [37.59262, 55.71941],
            [37.59297, 55.71958],
            [37.59282, 55.71965],
            [37.59275, 55.71967],
            [37.59271, 55.71969],
            [37.59223, 55.71943],
            [37.59213, 55.71883],
            [37.59143, 55.71839],
            [37.59139, 55.71835],
            [37.5908, 55.71787],
            [37.59079, 55.71781],
            [37.59167, 55.71746],
            [37.5925, 55.71702],
            [37.59247, 55.717],
            [37.59254, 55.71695],
            [37.59258, 55.71697],
            [37.59267, 55.71687],
            [37.59191, 55.71638],
            [37.59172, 55.71645],
            [37.59069, 55.71569],
            [37.5905, 55.71575],
            [37.58995, 55.71534],
            [37.58798, 55.71394],
            [37.58845, 55.71376],
            [37.58792, 55.71332],
            [37.5879, 55.71331],
            [37.58834, 55.7131],
            [37.58557, 55.71107],
            [37.58538, 55.71116],
            [37.58523, 55.71122],
            [37.58517, 55.71124],
            [37.58398, 55.71103],
            [37.58277, 55.71125],
            [37.58213, 55.711],
            [37.58164, 55.71135],
            [37.57942, 55.71296],
            [37.57761, 55.71421],
            [37.57493, 55.71312],
            [37.56961, 55.71162],
            [37.5654, 55.71076],
            [37.561, 55.71034],
            [37.55923, 55.71028],
            [37.55687, 55.71034],
            [37.5529, 55.71097],
            [37.54852, 55.71226],
            [37.54594, 55.71369],
            [37.54333, 55.71562],
            [37.54189, 55.71759],
            [37.54108, 55.72013],
            [37.54118, 55.72206],
            [37.54186, 55.72404],
            [37.54307, 55.72557],
            [37.5449, 55.72706],
            [37.54522, 55.72719],
            [37.54779, 55.72807],
            [37.54883, 55.72842],
            [37.55303, 55.72995],
            [37.55906, 55.73307],
            [37.56363, 55.7351],
            [37.56575, 55.7364],
            [37.56833, 55.73855],
            [37.57303, 55.74369],
            [37.57389, 55.74471],
            [37.57413, 55.74545],
            [37.57445, 55.74633],
            [37.57449, 55.74886],
            [37.57402, 55.75034],
            [37.57303, 55.75147],
            [37.57206, 55.75202],
            [37.5708, 55.75273],
            [37.56788, 55.75336],
            [37.56402, 55.7536],
            [37.56018, 55.75308],
            [37.55756, 55.75239],
            [37.55454, 55.75144],
            [37.54904, 55.74898],
            [37.54355, 55.74652],
            [37.54037, 55.74546],
            [37.53673, 55.74464],
            [37.5324, 55.7444],
            [37.52797, 55.74461],
            [37.52557, 55.74534],
            [37.52364, 55.74633],
            [37.52252, 55.74721],
            [37.52205, 55.74758],
            [37.52036, 55.74985],
            [37.52023, 55.75002],
            [37.5185, 55.75258],
            [37.51814, 55.75321],
            [37.51767, 55.75464],
            [37.5163, 55.75683],
            [37.51454, 55.75809],
            [37.51393, 55.75842]
          ]
        ]
      }
    },
    {
      "type": "Feature",
      "properties": {
        "name": "Северный",
        "color": "#4ECDC4",
        "value": "8"
      },
      "geometry": {
        "type": "Polygon",
        "coordinates": [
          [
            [37.43648, 55.87958],
            [37.43749, 55.87989],
            [37.43812, 55.88009],
            [37.44047, 55.88082],
            [37.4407, 55.88094],
            [37.44088, 55.88104],
            [37.44107, 55.88114],
            [37.4412, 55.88123],
            [37.44135, 55.88135],
            [37.44145, 55.88147],
            [37.44151, 55.88157],
            [37.44158, 55.88169],
            [37.44164, 55.8818],
            [37.4417, 55.88193],
            [37.44176, 55.88211],
            [37.44183, 55.88228],
            [37.44188, 55.88243],
            [37.44193, 55.88257],
            [37.44198, 55.88276],
            [37.44199, 55.88289],
            [37.44197, 55.8831],
            [37.44198, 55.88326],
            [37.44194, 55.88334],
            [37.44185, 55.88351],
            [37.44175, 55.88362],
            [37.44165, 55.88372],
            [37.44154, 55.88384],
            [37.44242, 55.88417],
            [37.44253, 55.88408],
            [37.44264, 55.88401],
            [37.44281, 55.88388],
            [37.44296, 55.88377],
            [37.44291, 55.88375],
            [37.4437, 55.88325],
            [37.44382, 55.88319],
            [37.44396, 55.88314],
            [37.44428, 55.88308],
            [37.44457, 55.88304],
            [37.44493, 55.88302],
            [37.44515, 55.883],
            [37.44541, 55.88298],
            [37.44572, 55.88296],
            [37.44609, 55.88292],
            [37.44693, 55.88286],
            [37.44721, 55.88284],
            [37.44747, 55.88282],
            [37.44773, 55.8828],
            [37.44799, 55.88279],
            [37.44834, 55.88277],
            [37.44873, 55.88277],
            [37.45027, 55.88286],
            [37.4546, 55.88303],
            [37.45557, 55.8832],
            [37.45988, 55.8832],
            [37.46283, 55.88322],
            [37.46472, 55.88346],
            [37.46732, 55.88379],
            [37.47131, 55.8847],
            [37.4737, 55.8853],
            [37.47593, 55.88586],
            [37.47994, 55.88732],
            [37.48015, 55.88741],
            [37.48034, 55.88749],
            [37.48053, 55.88758],
            [37.4808, 55.8877],
            [37.48105, 55.88781],
            [37.48124, 55.88789],
            [37.48148, 55.888],
            [37.4817, 55.88809],
            [37.48191, 55.88819],
            [37.48209, 55.88827],
            [37.48232, 55.88838],
            [37.48241, 55.88844],
            [37.48253, 55.88853],
            [37.48264, 55.88863],
            [37.48274, 55.88876],
            [37.48284, 55.8889],
            [37.48293, 55.88906],
            [37.48303, 55.88922],
            [37.48312, 55.88938],
            [37.48326, 55.88958],
            [37.48335, 55.88973],
            [37.48343, 55.88987],
            [37.4835, 55.89003],
            [37.48352, 55.8902],
            [37.48356, 55.89041],
            [37.48358, 55.89059],
            [37.4836, 55.89065],
            [37.48399, 55.89065],
            [37.48406, 55.89048],
            [37.48412, 55.89033],
            [37.48417, 55.89015],
            [37.48423, 55.88999],
            [37.48428, 55.88986],
            [37.4844, 55.88978],
            [37.48446, 55.88957],
            [37.48456, 55.8894],
            [37.48462, 55.88923],
            [37.48462, 55.88916],
            [37.48475, 55.88893],
            [37.48485, 55.8888],
            [37.48503, 55.88866],
            [37.48528, 55.88856],
            [37.48551, 55.8885],
            [37.48572, 55.88843],
            [37.48594, 55.8884],
            [37.49244, 55.89083],
            [37.49286, 55.89098],
            [37.49299, 55.89112],
            [37.49309, 55.89128],
            [37.49322, 55.89144],
            [37.49332, 55.89159],
            [37.49341, 55.89173],
            [37.4935, 55.89187],
            [37.49363, 55.89207],
            [37.49375, 55.89225],
            [37.49387, 55.89238],
            [37.494, 55.89249],
            [37.49413, 55.89258],
            [37.49435, 55.89268],
            [37.4946, 55.89276],
            [37.49481, 55.89281],
            [37.49514, 55.89282],
            [37.49551, 55.89276],
            [37.49579, 55.89271],
            [37.49603, 55.8926],
            [37.49625, 55.89248],
            [37.49851, 55.89347],
            [37.50282, 55.89537],
            [37.50694, 55.89718],
            [37.50722, 55.8973],
            [37.51765, 55.90199],
            [37.51994, 55.90297],
            [37.52285, 55.90423],
            [37.52445, 55.90492],
            [37.526, 55.90549],
            [37.52703, 55.9058],
            [37.52794, 55.90601],
            [37.52947, 55.90633],
            [37.5319, 55.90683],
            [37.53382, 55.90717],
            [37.53719, 55.90759],
            [37.53686, 55.90706],
            [37.53761, 55.90548],
            [37.53786, 55.90506],
            [37.53806, 55.90476],
            [37.53828, 55.90447],
            [37.53869, 55.904],
            [37.53923, 55.9035],
            [37.53994, 55.90288],
            [37.54058, 55.90243],
            [37.54117, 55.90203],
            [37.54166, 55.90173],
            [37.54237, 55.90137],
            [37.54289, 55.90114],
            [37.54412, 55.90067],
            [37.55198, 55.89777],
            [37.55286, 55.89746],
            [37.55904, 55.89523],
            [37.56223, 55.89404],
            [37.56307, 55.8937],
            [37.56406, 55.89327],
            [37.56475, 55.89284],
            [37.56537, 55.89239],
            [37.5659, 55.89193],
            [37.56636, 55.89142],
            [37.56676, 55.89084],
            [37.56706, 55.89016],
            [37.5672, 55.88928],
            [37.5674, 55.8873],
            [37.5675, 55.88455],
            [37.56768, 55.88264],
            [37.56816, 55.87828],
            [37.56829, 55.87759],
            [37.56847, 55.87699],
            [37.56929, 55.87499],
            [37.57, 55.87331],
            [37.57047, 55.87218],
            [37.57137, 55.87018],
            [37.57262, 55.86711],
            [37.57319, 55.86579],
            [37.57392, 55.86401],
            [37.57433, 55.863],
            [37.5746, 55.86212],
            [37.57468, 55.86114],
            [37.57463, 55.86046],
            [37.57455, 55.85989],
            [37.57435, 55.85922],
            [37.57415, 55.8586],
            [37.57344, 55.85687],
            [37.57279, 55.85524],
            [37.57271, 55.85473],
            [37.57264, 55.85416],
            [37.57268, 55.85321],
            [37.57276, 55.85236],
            [37.57291, 55.85142],
            [37.57309, 55.85062],
            [37.57331, 55.84984],
            [37.57367, 55.84879],
            [37.57377, 55.84848],
            [37.5739, 55.8481],
            [37.57444, 55.84657],
            [37.57495, 55.84509],
            [37.5754, 55.84393],
            [37.57562, 55.84358],
            [37.57602, 55.84309],
            [37.57766, 55.84143],
            [37.57797, 55.84102],
            [37.57822, 55.84062],
            [37.57849, 55.84004],
            [37.57867, 55.83944],
            [37.57872, 55.83903],
            [37.57874, 55.83861],
            [37.57864, 55.83791],
            [37.57855, 55.83759],
            [37.57837, 55.83714],
            [37.57815, 55.83679],
            [37.57782, 55.8363],
            [37.57745, 55.83589],
            [37.57682, 55.83535],
            [37.57629, 55.83495],
            [37.57611, 55.8348],
            [37.57597, 55.8347],
            [37.57508, 55.83398],
            [37.57444, 55.8333],
            [37.57415, 55.83286],
            [37.57389, 55.83239],
            [37.57376, 55.83209],
            [37.57365, 55.83172],
            [37.57357, 55.83132],
            [37.57358, 55.83058],
            [37.57395, 55.8228],
            [37.57402, 55.82239],
            [37.57414, 55.82196],
            [37.57431, 55.82153],
            [37.57455, 55.82112],
            [37.57569, 55.81959],
            [37.57754, 55.81712],
            [37.57782, 55.81664],
            [37.57806, 55.81605],
            [37.57868, 55.81314],
            [37.57883, 55.81262],
            [37.57904, 55.81219],
            [37.57914, 55.81202],
            [37.57931, 55.81181],
            [37.57961, 55.81148],
            [37.58043, 55.81085],
            [37.58105, 55.81051],
            [37.58364, 55.80931],
            [37.5844, 55.80889],
            [37.58473, 55.80868],
            [37.58434, 55.80869],
            [37.58314, 55.80862],
            [37.58065, 55.80829],
            [37.5812, 55.80737],
            [37.58178, 55.80643],
            [37.58234, 55.80552],
            [37.58284, 55.80372],
            [37.58319, 55.80238],
            [37.58351, 55.80102],
            [37.58372, 55.79993],
            [37.58397, 55.79849],
            [37.58411, 55.79721],
            [37.5842, 55.79626],
            [37.58419, 55.79585],
            [37.58423, 55.79544],
            [37.58426, 55.79526],
            [37.58433, 55.79502],
            [37.58437, 55.79494],
            [37.58441, 55.79484],
            [37.58447, 55.79475],
            [37.58454, 55.79466],
            [37.58461, 55.79458],
            [37.58468, 55.79451],
            [37.58476, 55.79444],
            [37.58495, 55.79431],
            [37.58568, 55.7939],
            [37.58647, 55.79338],
            [37.58774, 55.79258],
            [37.58817, 55.7923],
            [37.58858, 55.792],
            [37.58844, 55.79161],
            [37.58827, 55.79118],
            [37.58814, 55.79075],
            [37.58801, 55.79024],
            [37.58787, 55.78971],
            [37.58768, 55.78864],
            [37.58756, 55.78806],
            [37.58742, 55.78748],
            [37.58699, 55.78595],
            [37.58691, 55.78568],
            [37.58684, 55.78542],
            [37.58679, 55.78519],
            [37.58656, 55.78439],
            [37.58644, 55.78398],
            [37.58639, 55.78378],
            [37.58634, 55.78358],
            [37.58624, 55.78325],
            [37.58612, 55.78289],
            [37.58607, 55.7827],
            [37.58596, 55.78238],
            [37.58585, 55.78206],
            [37.58567, 55.78161],
            [37.58544, 55.78102],
            [37.5852, 55.78048],
            [37.58511, 55.78034],
            [37.58499, 55.78015],
            [37.58479, 55.77987],
            [37.58457, 55.77968],
            [37.58406, 55.77927],
            [37.58391, 55.77916],
            [37.58378, 55.77906],
            [37.58342, 55.77882],
            [37.58325, 55.77871],
            [37.58307, 55.7786],
            [37.58266, 55.77837],
            [37.58256, 55.77831],
            [37.58246, 55.77825],
            [37.58224, 55.77811],
            [37.58202, 55.77797],
            [37.58182, 55.77783],
            [37.58145, 55.77762],
            [37.58131, 55.77754],
            [37.5811, 55.77743],
            [37.57999, 55.77693],
            [37.5781, 55.77615],
            [37.57746, 55.77594],
            [37.57673, 55.77575],
            [37.57599, 55.77561],
            [37.57523, 55.77552],
            [37.57369, 55.77548],
            [37.57312, 55.77547],
            [37.57108, 55.77543],
            [37.56692, 55.775],
            [37.55917, 55.77422],
            [37.55551, 55.77384],
            [37.55192, 55.77341],
            [37.54808, 55.77311],
            [37.54634, 55.77315],
            [37.54443, 55.77299],
            [37.5434, 55.77279],
            [37.54186, 55.77241],
            [37.54057, 55.77195],
            [37.53896, 55.77113],
            [37.53792, 55.77037],
            [37.53728, 55.76971],
            [37.53663, 55.76907],
            [37.53624, 55.76738],
            [37.53606, 55.7661],
            [37.53473, 55.7662],
            [37.53466, 55.766],
            [37.53462, 55.7659],
            [37.53429, 55.76539],
            [37.53415, 55.7651],
            [37.53386, 55.76488],
            [37.53358, 55.76471],
            [37.53311, 55.76436],
            [37.53228, 55.76348],
            [37.53212, 55.76337],
            [37.53182, 55.76322],
            [37.52885, 55.76198],
            [37.52834, 55.76176],
            [37.52688, 55.76114],
            [37.52678, 55.76108],
            [37.52642, 55.76092],
            [37.52561, 55.76049],
            [37.52507, 55.76011],
            [37.52439, 55.75988],
            [37.52429, 55.75985],
            [37.52256, 55.76169],
            [37.52194, 55.76151],
            [37.52187, 55.76149],
            [37.5218, 55.76146],
            [37.52173, 55.76144],
            [37.52166, 55.76142],
            [37.52159, 55.76139],
            [37.52152, 55.76137],
            [37.52117, 55.76124],
            [37.52097, 55.76112],
            [37.52038, 55.7609],
            [37.51993, 55.76072],
            [37.51927, 55.76047],
            [37.51663, 55.75946],
            [37.51567, 55.75909],
            [37.51393, 55.75842]
          ]
        ]
      }
    },
    {
      "type": "Feature",
      "properties": {
        "name": "Северо-Восточный",
        "color": "#45B7D1",
        "value": "10"
      },
      "geometry": {
        "type": "Polygon",
        "coordinates": [
          [
            [37.51948, 55.94176],
            [37.52004, 55.94185],
            [37.52377, 55.94239],
            [37.5239, 55.94266],
            [37.52691, 55.94299],
            [37.53417, 55.94385],
            [37.536, 55.94394],
            [37.53712, 55.94407],
            [37.53763, 55.94413],
            [37.54091, 55.94406],
            [37.54177, 55.94391],
            [37.54318, 55.9439],
            [37.54127, 55.94693],
            [37.54002, 55.94895],
            [37.53968, 55.94947],
            [37.53889, 55.95066],
            [37.53811, 55.95194],
            [37.53743, 55.95288],
            [37.53785, 55.95293],
            [37.53905, 55.9532],
            [37.54065, 55.95365],
            [37.54081, 55.95386],
            [37.54202, 55.95412],
            [37.54385, 55.95453],
            [37.54575, 55.95512],
            [37.54664, 55.95535],
            [37.54662, 55.95551],
            [37.54789, 55.95569],
            [37.5483, 55.9558],
            [37.54886, 55.95471],
            [37.54941, 55.95454],
            [37.54962, 55.95422],
            [37.55052, 55.95263],
            [37.55033, 55.95223],
            [37.5502, 55.95195],
            [37.55065, 55.95127],
            [37.55197, 55.9513],
            [37.55193, 55.95214],
            [37.55167, 55.95224],
            [37.55177, 55.95348],
            [37.55257, 55.95348],
            [37.55245, 55.95374],
            [37.5532, 55.95394],
            [37.5551, 55.954],
            [37.55507, 55.95308],
            [37.55506, 55.95162],
            [37.55734, 55.95235],
            [37.56672, 55.95528],
            [37.57169, 55.95687],
            [37.5742, 55.9577],
            [37.57537, 55.95731],
            [37.57485, 55.95635],
            [37.57854, 55.95577],
            [37.58081, 55.95416],
            [37.57925, 55.95385],
            [37.57955, 55.95341],
            [37.58016, 55.9522],
            [37.58016, 55.95189],
            [37.57953, 55.94964],
            [37.56977, 55.95065],
            [37.56969, 55.95064],
            [37.56821, 55.9506],
            [37.56797, 55.95083],
            [37.56322, 55.95133],
            [37.56259, 55.95125],
            [37.56288, 55.94806],
            [37.56378, 55.94545],
            [37.56416, 55.94394],
            [37.56431, 55.94274],
            [37.56456, 55.94133],
            [37.56761, 55.94112],
            [37.57016, 55.94132],
            [37.56995, 55.93669],
            [37.5693, 55.93687],
            [37.56774, 55.93671],
            [37.56627, 55.93672],
            [37.56567, 55.93359],
            [37.56496, 55.93352],
            [37.56071, 55.93252],
            [37.56082, 55.93157],
            [37.56092, 55.93043],
            [37.56104, 55.92882],
            [37.56096, 55.92803],
            [37.56081, 55.92736],
            [37.56057, 55.92626],
            [37.55972, 55.92314],
            [37.55915, 55.92111],
            [37.55873, 55.92025],
            [37.55857, 55.91958],
            [37.558, 55.91679],
            [37.55737, 55.91456],
            [37.55643, 55.91158],
            [37.55595, 55.90956],
            [37.57054, 55.91102],
            [37.57415, 55.91127],
            [37.5786, 55.91143],
            [37.58035, 55.91129],
            [37.58103, 55.91119],
            [37.58389, 55.91096],
            [37.58735, 55.91037],
            [37.58828, 55.9116],
            [37.58871, 55.91193],
            [37.58951, 55.91215],
            [37.58988, 55.91239],
            [37.59025, 55.91296],
            [37.59074, 55.91366],
            [37.59098, 55.91362],
            [37.5912, 55.91359],
            [37.59106, 55.91329],
            [37.59075, 55.91245],
            [37.59051, 55.91209],
            [37.59038, 55.91184],
            [37.59039, 55.91153],
            [37.5905, 55.91129],
            [37.59108, 55.91074],
            [37.59266, 55.90934],
            [37.59315, 55.90895],
            [37.59498, 55.90845],
            [37.59766, 55.90769],
            [37.59913, 55.90728],
            [37.60925, 55.90456],
            [37.61561, 55.90293],
            [37.61751, 55.90242],
            [37.61952, 55.90192],
            [37.62135, 55.90151],
            [37.62555, 55.90069],
            [37.62752, 55.90031],
            [37.62927, 55.89993],
            [37.62946, 55.89993],
            [37.63069, 55.8997],
            [37.63372, 55.8992],
            [37.63735, 55.89861],
            [37.63892, 55.89843],
            [37.64437, 55.89768],
            [37.65226, 55.89678],
            [37.66042, 55.89606],
            [37.66264, 55.89589],
            [37.66892, 55.89564],
            [37.66956, 55.89578],
            [37.67153, 55.89692],
            [37.67182, 55.89722],
            [37.6719, 55.89773],
            [37.67261, 55.89781],
            [37.67273, 55.89742],
            [37.67298, 55.89708],
            [37.67306, 55.89704],
            [37.6741, 55.89658],
            [37.67446, 55.89643],
            [37.67632, 55.89545],
            [37.67684, 55.89531],
            [37.68221, 55.89511],
            [37.68525, 55.89508],
            [37.68891, 55.89504],
            [37.69429, 55.89487],
            [37.69872, 55.89434],
            [37.70305, 55.89341],
            [37.70643, 55.89226],
            [37.70719, 55.89233],
            [37.70734, 55.89226],
            [37.70759, 55.89215],
            [37.70758, 55.89177],
            [37.71121, 55.89015],
            [37.71927, 55.88613],
            [37.71971, 55.88591],
            [37.72021, 55.88566],
            [37.72148, 55.88504],
            [37.72436, 55.8838],
            [37.72752, 55.88395],
            [37.73007, 55.88502],
            [37.73156, 55.88562],
            [37.7321, 55.88532],
            [37.73126, 55.88477],
            [37.73088, 55.8844],
            [37.73038, 55.88401],
            [37.73019, 55.88378],
            [37.73, 55.88356],
            [37.72966, 55.88309],
            [37.72956, 55.8829],
            [37.72945, 55.88262],
            [37.72923, 55.88204],
            [37.72945, 55.88157],
            [37.7297, 55.88106],
            [37.73038, 55.88061],
            [37.73237, 55.87952],
            [37.73426, 55.87864],
            [37.73266, 55.87766],
            [37.73148, 55.87688],
            [37.7312, 55.87677],
            [37.73108, 55.87596],
            [37.73182, 55.87495],
            [37.72983, 55.87467],
            [37.72948, 55.87439],
            [37.72854, 55.87426],
            [37.72832, 55.87421],
            [37.72806, 55.874],
            [37.72793, 55.8739],
            [37.72755, 55.87392],
            [37.72734, 55.87392],
            [37.72708, 55.87386],
            [37.72656, 55.8738],
            [37.72609, 55.87364],
            [37.72426, 55.87301],
            [37.72363, 55.8732],
            [37.72362, 55.87341],
            [37.72244, 55.87363],
            [37.72174, 55.87298],
            [37.71905, 55.87225],
            [37.71581, 55.87015],
            [37.71523, 55.8698],
            [37.71114, 55.86743],
            [37.70904, 55.86625],
            [37.7077, 55.86552],
            [37.70792, 55.86534],
            [37.70784, 55.86527],
            [37.70721, 55.86476],
            [37.70661, 55.86429],
            [37.70667, 55.86414],
            [37.70886, 55.8632],
            [37.70912, 55.86256],
            [37.70932, 55.86101],
            [37.70504, 55.861],
            [37.70266, 55.86256],
            [37.702, 55.86218],
            [37.70077, 55.86146],
            [37.70056, 55.86112],
            [37.71047, 55.86073],
            [37.71494, 55.86067],
            [37.71792, 55.86063],
            [37.71825, 55.86001],
            [37.72146, 55.85336],
            [37.72164, 55.85292],
            [37.721, 55.85221],
            [37.71941, 55.85142],
            [37.7201, 55.85057],
            [37.71938, 55.85004],
            [37.71802, 55.84935],
            [37.71713, 55.84906],
            [37.71408, 55.84691],
            [37.7125, 55.84753],
            [37.71239, 55.84743],
            [37.71216, 55.84735],
            [37.7119, 55.84736],
            [37.70978, 55.84754],
            [37.70552, 55.84786],
            [37.70359, 55.84877],
            [37.69682, 55.84816],
            [37.69451, 55.84951],
            [37.69396, 55.85181],
            [37.6945, 55.85302],
            [37.69468, 55.8534],
            [37.69277, 55.85517],
            [37.69243, 55.85533],
            [37.69263, 55.85551],
            [37.6929, 55.85557],
            [37.69307, 55.8557],
            [37.69313, 55.8558],
            [37.69252, 55.85613],
            [37.69163, 55.85603],
            [37.69075, 55.85618],
            [37.6906, 55.85608],
            [37.69024, 55.8559],
            [37.68941, 55.85596],
            [37.68871, 55.85612],
            [37.68798, 55.85552],
            [37.68686, 55.85452],
            [37.68688, 55.85452],
            [37.68833, 55.85393],
            [37.69239, 55.85295],
            [37.68997, 55.85122],
            [37.69223, 55.85031],
            [37.69114, 55.84854],
            [37.69032, 55.84801],
            [37.68907, 55.84729],
            [37.68889, 55.8472],
            [37.68882, 55.84717],
            [37.68662, 55.84596],
            [37.68656, 55.84593],
            [37.68584, 55.84554],
            [37.68536, 55.84529],
            [37.68139, 55.84321],
            [37.68026, 55.84247],
            [37.67844, 55.84182],
            [37.67853, 55.84144],
            [37.67853, 55.84104],
            [37.67846, 55.84069],
            [37.67829, 55.84034],
            [37.67801, 55.83994],
            [37.67774, 55.83968],
            [37.67738, 55.83939],
            [37.6769, 55.83909],
            [37.67632, 55.83882],
            [37.67569, 55.83861],
            [37.67496, 55.83845],
            [37.67421, 55.83835],
            [37.6735, 55.83832],
            [37.67285, 55.83834],
            [37.67209, 55.83841],
            [37.67072, 55.83863],
            [37.67021, 55.83874],
            [37.67038, 55.83768],
            [37.67052, 55.83655],
            [37.67063, 55.83565],
            [37.67077, 55.83451],
            [37.67089, 55.8336],
            [37.67103, 55.83256],
            [37.67127, 55.83089],
            [37.6715, 55.82947],
            [37.67154, 55.82902],
            [37.67152, 55.8282],
            [37.67149, 55.82755],
            [37.67146, 55.82723],
            [37.67128, 55.8266],
            [37.67095, 55.82569],
            [37.67064, 55.82492],
            [37.67061, 55.82484],
            [37.67046, 55.82442],
            [37.67032, 55.82408],
            [37.66985, 55.82279],
            [37.66925, 55.82154],
            [37.66858, 55.82045],
            [37.66808, 55.81988],
            [37.66607, 55.81747],
            [37.66311, 55.81405],
            [37.6628, 55.8137],
            [37.66004, 55.81055],
            [37.65812, 55.80836],
            [37.65782, 55.80802],
            [37.65453, 55.8041],
            [37.6514, 55.80011],
            [37.65116, 55.79906],
            [37.65101, 55.79871],
            [37.65098, 55.79783],
            [37.65114, 55.7969],
            [37.65133, 55.79642],
            [37.6513, 55.79594],
            [37.65046, 55.79421],
            [37.65042, 55.79386],
            [37.65037, 55.79339],
            [37.65031, 55.79292],
            [37.65045, 55.79164],
            [37.65082, 55.79076],
            [37.65152, 55.78937],
            [37.65015, 55.78972],
            [37.64876, 55.79011],
            [37.64823, 55.79024],
            [37.64773, 55.79038],
            [37.647, 55.7906],
            [37.6463, 55.79089],
            [37.64553, 55.79127],
            [37.64296, 55.79298],
            [37.64046, 55.7946],
            [37.63827, 55.79566],
            [37.6365, 55.79639],
            [37.63535, 55.79696],
            [37.63499, 55.79714],
            [37.63494, 55.79695],
            [37.63475, 55.79602],
            [37.63442, 55.79462],
            [37.63442, 55.7942],
            [37.63457, 55.79228],
            [37.63462, 55.79186],
            [37.63407, 55.79183],
            [37.63343, 55.79181],
            [37.63279, 55.79181],
            [37.63226, 55.79185],
            [37.63153, 55.79193],
            [37.62974, 55.79226],
            [37.62895, 55.79238],
            [37.62796, 55.79252],
            [37.62462, 55.79269],
            [37.62343, 55.79276],
            [37.61936, 55.79302],
            [37.61817, 55.79309],
            [37.61698, 55.79312],
            [37.61631, 55.79314],
            [37.6163, 55.79291],
            [37.61632, 55.79247],
            [37.61633, 55.7923],
            [37.61639, 55.79154],
            [37.6164, 55.79142],
            [37.61641, 55.79123],
            [37.61651, 55.78981],
            [37.61652, 55.78971],
            [37.61655, 55.78937],
            [37.61662, 55.78864],
            [37.61663, 55.78852],
            [37.61664, 55.78837],
            [37.61669, 55.7879],
            [37.6167, 55.78785],
            [37.61671, 55.78779],
            [37.61677, 55.78731],
            [37.6168, 55.78682],
            [37.61682, 55.78643],
            [37.61672, 55.78615],
            [37.61627, 55.78538],
            [37.61622, 55.7853],
            [37.61613, 55.78515],
            [37.61594, 55.78483],
            [37.61561, 55.78428],
            [37.61552, 55.78413],
            [37.61538, 55.78389],
            [37.61518, 55.78348],
            [37.61515, 55.78316],
            [37.61493, 55.78338],
            [37.61478, 55.78348],
            [37.61457, 55.78351],
            [37.61376, 55.78339],
            [37.61309, 55.7834],
            [37.61296, 55.78338],
            [37.61291, 55.78331],
            [37.61273, 55.78288],
            [37.61255, 55.78268],
            [37.61241, 55.78262],
            [37.61225, 55.78259],
            [37.61187, 55.78272],
            [37.61149, 55.78284],
            [37.61139, 55.78288],
            [37.6113, 55.7829],
            [37.61093, 55.78302],
            [37.61037, 55.7832],
            [37.6102, 55.78325],
            [37.60975, 55.78339],
            [37.6093, 55.78354],
            [37.60806, 55.78396],
            [37.60791, 55.78401],
            [37.60733, 55.78421],
            [37.60711, 55.78428],
            [37.60679, 55.78439],
            [37.60675, 55.7844],
            [37.60663, 55.78445],
            [37.60632, 55.78457],
            [37.606, 55.78469],
            [37.60568, 55.78483],
            [37.60545, 55.78493],
            [37.60468, 55.78529],
            [37.60453, 55.78533],
            [37.60434, 55.78535],
            [37.60388, 55.78531],
            [37.60374, 55.7853],
            [37.60358, 55.78529],
            [37.60286, 55.78523],
            [37.60269, 55.78522],
            [37.60216, 55.78518],
            [37.60204, 55.78517],
            [37.60189, 55.78516],
            [37.60171, 55.78514],
            [37.60166, 55.78527],
            [37.60166, 55.78529],
            [37.6016, 55.78546],
            [37.60152, 55.78569],
            [37.60119, 55.78658],
            [37.60113, 55.78672],
            [37.60088, 55.78733],
            [37.60077, 55.7876],
            [37.60068, 55.78782],
            [37.60061, 55.78803],
            [37.60042, 55.78861],
            [37.60037, 55.78874],
            [37.60015, 55.7894],
            [37.60012, 55.7895],
            [37.5999, 55.79031],
            [37.59976, 55.79082],
            [37.59931, 55.79229],
            [37.59928, 55.79238],
            [37.59925, 55.79248],
            [37.59566, 55.79222],
            [37.59439, 55.79234],
            [37.59363, 55.79242],
            [37.5928, 55.79245],
            [37.59226, 55.79244],
            [37.59167, 55.79245],
            [37.59017, 55.79243],
            [37.59003, 55.79243],
            [37.58993, 55.79242],
            [37.58944, 55.79238],
            [37.58936, 55.79238],
            [37.58927, 55.79237],
            [37.5892, 55.79238],
            [37.58912, 55.79238],
            [37.58886, 55.79242],
            [37.58822, 55.79251],
            [37.58817, 55.79252],
            [37.58813, 55.79253],
            [37.5881, 55.79254],
            [37.58806, 55.79256],
            [37.58774, 55.79258],
            [37.58647, 55.79338],
            [37.58568, 55.7939],
            [37.58495, 55.79431],
            [37.58476, 55.79444],
            [37.58468, 55.79451],
            [37.58461, 55.79458],
            [37.58454, 55.79466],
            [37.58447, 55.79475],
            [37.58441, 55.79484],
            [37.58437, 55.79494],
            [37.58433, 55.79502],
            [37.58426, 55.79526],
            [37.58423, 55.79544],
            [37.58419, 55.79585],
            [37.5842, 55.79626],
            [37.58411, 55.79721],
            [37.58397, 55.79849],
            [37.58372, 55.79993],
            [37.58351, 55.80102],
            [37.58319, 55.80238],
            [37.58284, 55.80372],
            [37.58234, 55.80552],
            [37.58178, 55.80643],
            [37.5812, 55.80737],
            [37.58065, 55.80829],
            [37.58314, 55.80862],
            [37.58434, 55.80869],
            [37.58473, 55.80868],
            [37.5844, 55.80889],
            [37.58364, 55.80931],
            [37.58105, 55.81051],
            [37.58043, 55.81085],
            [37.57961, 55.81148],
            [37.57931, 55.81181],
            [37.57914, 55.81202],
            [37.57904, 55.81219],
            [37.57883, 55.81262],
            [37.57868, 55.81314],
            [37.57806, 55.81605],
            [37.57782, 55.81664],
            [37.57754, 55.81712],
            [37.57569, 55.81959],
            [37.57455, 55.82112],
            [37.57431, 55.82153],
            [37.57414, 55.82196],
            [37.57402, 55.82239],
            [37.57395, 55.8228],
            [37.57358, 55.83058],
            [37.57357, 55.83132],
            [37.57365, 55.83172],
            [37.57376, 55.83209],
            [37.57389, 55.83239],
            [37.57415, 55.83286],
            [37.57444, 55.8333],
            [37.57508, 55.83398],
            [37.57597, 55.8347],
            [37.57611, 55.8348],
            [37.57629, 55.83495],
            [37.57682, 55.83535],
            [37.57745, 55.83589],
            [37.57782, 55.8363],
            [37.57815, 55.83679],
            [37.57837, 55.83714],
            [37.57855, 55.83759],
            [37.57864, 55.83791],
            [37.57874, 55.83861],
            [37.57872, 55.83903],
            [37.57867, 55.83944],
            [37.57849, 55.84004],
            [37.57822, 55.84062],
            [37.57797, 55.84102],
            [37.57766, 55.84143],
            [37.57602, 55.84309],
            [37.57562, 55.84358],
            [37.5754, 55.84393],
            [37.57495, 55.84509],
            [37.57444, 55.84657],
            [37.5739, 55.8481],
            [37.57377, 55.84848],
            [37.57367, 55.84879],
            [37.57331, 55.84984],
            [37.57309, 55.85062],
            [37.57291, 55.85142],
            [37.57276, 55.85236],
            [37.57268, 55.85321],
            [37.57264, 55.85416],
            [37.57271, 55.85473],
            [37.57279, 55.85524],
            [37.57344, 55.85687],
            [37.57415, 55.8586],
            [37.57435, 55.85922],
            [37.57455, 55.85989],
            [37.57463, 55.86046],
            [37.57468, 55.86114],
            [37.5746, 55.86212],
            [37.57433, 55.863],
            [37.57392, 55.86401],
            [37.57319, 55.86579],
            [37.57262, 55.86711],
            [37.57137, 55.87018],
            [37.57047, 55.87218],
            [37.57, 55.87331],
            [37.56929, 55.87499],
            [37.56847, 55.87699],
            [37.56829, 55.87759],
            [37.56816, 55.87828],
            [37.56768, 55.88264],
            [37.5675, 55.88455],
            [37.5674, 55.8873],
            [37.5672, 55.88928],
            [37.56706, 55.89016],
            [37.56676, 55.89084],
            [37.56636, 55.89142],
            [37.5659, 55.89193],
            [37.56537, 55.89239],
            [37.56475, 55.89284],
            [37.56406, 55.89327],
            [37.56307, 55.8937],
            [37.56223, 55.89404],
            [37.55904, 55.89523],
            [37.55286, 55.89746],
            [37.55198, 55.89777],
            [37.54412, 55.90067],
            [37.54289, 55.90114],
            [37.54237, 55.90137],
            [37.54166, 55.90173],
            [37.54117, 55.90203],
            [37.54058, 55.90243],
            [37.53994, 55.90288],
            [37.53923, 55.9035],
            [37.53869, 55.904],
            [37.53828, 55.90447],
            [37.53806, 55.90476],
            [37.53786, 55.90506],
            [37.53761, 55.90548],
            [37.53686, 55.90706],
            [37.53719, 55.90759],
            [37.53627, 55.90879],
            [37.52831, 55.92481],
            [37.5281, 55.92521],
            [37.52776, 55.92536],
            [37.52681, 55.92731],
            [37.52353, 55.93364],
            [37.52102, 55.93855],
            [37.52022, 55.94011],
            [37.52032, 55.9402],
            [37.52025, 55.94033],
            [37.51948, 55.94176]
          ]
        ]
      }
    },
    {
      "type": "Feature",
      "properties": {
        "name": "Восточный",
        "color": "#96CEB4",
        "value": "9"
      },
      "geometry": {
        "type": "Polygon",
        "coordinates": [
          [
            [37.65031, 55.79292],
            [37.65037, 55.79339],
            [37.65042, 55.79386],
            [37.65046, 55.79421],
            [37.6513, 55.79594],
            [37.65133, 55.79642],
            [37.65114, 55.7969],
            [37.65098, 55.79783],
            [37.65101, 55.79871],
            [37.65116, 55.79906],
            [37.6514, 55.80011],
            [37.65453, 55.8041],
            [37.65782, 55.80802],
            [37.65812, 55.80836],
            [37.66004, 55.81055],
            [37.6628, 55.8137],
            [37.66311, 55.81405],
            [37.66607, 55.81747],
            [37.66808, 55.81988],
            [37.66858, 55.82045],
            [37.66925, 55.82154],
            [37.66985, 55.82279],
            [37.67032, 55.82408],
            [37.67046, 55.82442],
            [37.67061, 55.82484],
            [37.67064, 55.82492],
            [37.67095, 55.82569],
            [37.67128, 55.8266],
            [37.67146, 55.82723],
            [37.67149, 55.82755],
            [37.67152, 55.8282],
            [37.67154, 55.82902],
            [37.6715, 55.82947],
            [37.67127, 55.83089],
            [37.67103, 55.83256],
            [37.67089, 55.8336],
            [37.67077, 55.83451],
            [37.67063, 55.83565],
            [37.67052, 55.83655],
            [37.67038, 55.83768],
            [37.67021, 55.83874],
            [37.67072, 55.83863],
            [37.67209, 55.83841],
            [37.67285, 55.83834],
            [37.6735, 55.83832],
            [37.67421, 55.83835],
            [37.67496, 55.83845],
            [37.67569, 55.83861],
            [37.67632, 55.83882],
            [37.6769, 55.83909],
            [37.67738, 55.83939],
            [37.67774, 55.83968],
            [37.67801, 55.83994],
            [37.67829, 55.84034],
            [37.67846, 55.84069],
            [37.67853, 55.84104],
            [37.67853, 55.84144],
            [37.67844, 55.84182],
            [37.68026, 55.84247],
            [37.68139, 55.84321],
            [37.68536, 55.84529],
            [37.68584, 55.84554],
            [37.68656, 55.84593],
            [37.68662, 55.84596],
            [37.68882, 55.84717],
            [37.68889, 55.8472],
            [37.68907, 55.84729],
            [37.69032, 55.84801],
            [37.69114, 55.84854],
            [37.69223, 55.85031],
            [37.68997, 55.85122],
            [37.69239, 55.85295],
            [37.68833, 55.85393],
            [37.68688, 55.85452],
            [37.68686, 55.85452],
            [37.68798, 55.85552],
            [37.68871, 55.85612],
            [37.68941, 55.85596],
            [37.69024, 55.8559],
            [37.6906, 55.85608],
            [37.69075, 55.85618],
            [37.69163, 55.85603],
            [37.69252, 55.85613],
            [37.69313, 55.8558],
            [37.69307, 55.8557],
            [37.6929, 55.85557],
            [37.69263, 55.85551],
            [37.69243, 55.85533],
            [37.69277, 55.85517],
            [37.69468, 55.8534],
            [37.6945, 55.85302],
            [37.69396, 55.85181],
            [37.69451, 55.84951],
            [37.69682, 55.84816],
            [37.70359, 55.84877],
            [37.70552, 55.84786],
            [37.70978, 55.84754],
            [37.7119, 55.84736],
            [37.71216, 55.84735],
            [37.71239, 55.84743],
            [37.7125, 55.84753],
            [37.71408, 55.84691],
            [37.71713, 55.84906],
            [37.71802, 55.84935],
            [37.71938, 55.85004],
            [37.7201, 55.85057],
            [37.71941, 55.85142],
            [37.721, 55.85221],
            [37.72164, 55.85292],
            [37.72146, 55.85336],
            [37.71825, 55.86001],
            [37.71792, 55.86063],
            [37.71494, 55.86067],
            [37.71047, 55.86073],
            [37.70056, 55.86112],
            [37.70077, 55.86146],
            [37.702, 55.86218],
            [37.70266, 55.86256],
            [37.70504, 55.861],
            [37.70932, 55.86101],
            [37.70912, 55.86256],
            [37.70886, 55.8632],
            [37.70667, 55.86414],
            [37.70661, 55.86429],
            [37.70721, 55.86476],
            [37.70784, 55.86527],
            [37.70792, 55.86534],
            [37.7077, 55.86552],
            [37.70904, 55.86625],
            [37.71114, 55.86743],
            [37.71523, 55.8698],
            [37.71581, 55.87015],
            [37.71905, 55.87225],
            [37.72174, 55.87298],
            [37.72244, 55.87363],
            [37.72362, 55.87341],
            [37.72363, 55.8732],
            [37.72426, 55.87301],
            [37.72609, 55.87364],
            [37.72656, 55.8738],
            [37.72708, 55.87386],
            [37.72734, 55.87392],
            [37.72755, 55.87392],
            [37.72793, 55.8739],
            [37.72806, 55.874],
            [37.72832, 55.87421],
            [37.72854, 55.87426],
            [37.72948, 55.87439],
            [37.72983, 55.87467],
            [37.73182, 55.87495],
            [37.73108, 55.87596],
            [37.7312, 55.87677],
            [37.73148, 55.87688],
            [37.73266, 55.87766],
            [37.73426, 55.87864],
            [37.73551, 55.878],
            [37.74466, 55.87332],
            [37.7685, 55.86089],
            [37.77741, 55.85644],
            [37.78261, 55.85377],
            [37.7853, 55.8524],
            [37.7879, 55.85108],
            [37.78955, 55.85024],
            [37.79541, 55.84719],
            [37.80223, 55.84367],
            [37.80796, 55.84074],
            [37.8139, 55.83766],
            [37.81859, 55.8353],
            [37.82335, 55.83277],
            [37.82739, 55.8306],
            [37.82974, 55.83056],
            [37.83014, 55.8303],
            [37.83005, 55.82972],
            [37.83008, 55.82915],
            [37.83234, 55.82757],
            [37.83439, 55.82596],
            [37.83605, 55.82422],
            [37.83737, 55.82249],
            [37.83809, 55.82097],
            [37.83839, 55.81993],
            [37.83859, 55.81932],
            [37.83871, 55.81911],
            [37.83917, 55.81626],
            [37.83981, 55.81587],
            [37.84199, 55.81518],
            [37.84273, 55.81512],
            [37.8433, 55.81521],
            [37.84343, 55.81509],
            [37.84355, 55.81497],
            [37.84362, 55.8149],
            [37.84376, 55.81477],
            [37.84304, 55.81437],
            [37.84145, 55.81289],
            [37.84063, 55.81245],
            [37.84005, 55.81208],
            [37.83979, 55.81174],
            [37.83976, 55.81162],
            [37.83995, 55.80903],
            [37.84021, 55.80614],
            [37.84041, 55.80369],
            [37.84051, 55.80247],
            [37.8409, 55.79886],
            [37.84132, 55.79514],
            [37.84178, 55.79116],
            [37.84203, 55.78896],
            [37.84223, 55.78717],
            [37.84268, 55.78322],
            [37.84314, 55.77924],
            [37.84462, 55.7785],
            [37.84556, 55.77821],
            [37.84586, 55.77819],
            [37.84605, 55.77817],
            [37.84638, 55.7782],
            [37.84843, 55.77865],
            [37.85, 55.77893],
            [37.85047, 55.7789],
            [37.85068, 55.77856],
            [37.85041, 55.77848],
            [37.84988, 55.7783],
            [37.84932, 55.7781],
            [37.84894, 55.77797],
            [37.84865, 55.77787],
            [37.84718, 55.77739],
            [37.84669, 55.77725],
            [37.84576, 55.77701],
            [37.8454, 55.77646],
            [37.84504, 55.77598],
            [37.84381, 55.77531],
            [37.84351, 55.77506],
            [37.8434, 55.77473],
            [37.84346, 55.77396],
            [37.84356, 55.77385],
            [37.84351, 55.77367],
            [37.84357, 55.77284],
            [37.84362, 55.77256],
            [37.84445, 55.77114],
            [37.84453, 55.77113],
            [37.84459, 55.77102],
            [37.84452, 55.771],
            [37.84514, 55.77004],
            [37.84559, 55.76925],
            [37.84593, 55.76861],
            [37.8457, 55.76807],
            [37.84519, 55.76797],
            [37.84442, 55.7676],
            [37.84383, 55.76728],
            [37.84361, 55.76711],
            [37.8435, 55.76691],
            [37.84344, 55.76608],
            [37.8434, 55.76517],
            [37.84334, 55.76405],
            [37.84326, 55.7624],
            [37.84341, 55.76236],
            [37.84341, 55.7622],
            [37.84323, 55.76219],
            [37.8432, 55.76185],
            [37.84314, 55.7607],
            [37.84316, 55.76046],
            [37.84311, 55.75969],
            [37.84307, 55.75893],
            [37.84305, 55.75873],
            [37.84294, 55.75682],
            [37.8429, 55.75557],
            [37.8429, 55.75521],
            [37.84289, 55.75506],
            [37.84281, 55.75502],
            [37.84279, 55.75474],
            [37.84278, 55.75451],
            [37.84278, 55.75436],
            [37.84275, 55.75379],
            [37.84271, 55.75379],
            [37.84266, 55.75314],
            [37.84272, 55.75282],
            [37.8427, 55.75159],
            [37.84274, 55.75081],
            [37.84271, 55.74944],
            [37.84268, 55.74907],
            [37.84254, 55.74718],
            [37.84265, 55.74673],
            [37.84315, 55.74633],
            [37.84368, 55.7459],
            [37.8448, 55.74531],
            [37.84571, 55.74487],
            [37.8468, 55.74459],
            [37.84792, 55.74454],
            [37.848, 55.7445],
            [37.84971, 55.74462],
            [37.85142, 55.74476],
            [37.85297, 55.74488],
            [37.85392, 55.74495],
            [37.85662, 55.74507],
            [37.85919, 55.74515],
            [37.86054, 55.74524],
            [37.86323, 55.74557],
            [37.86422, 55.74572],
            [37.86474, 55.74585],
            [37.87285, 55.74741],
            [37.87952, 55.74873],
            [37.88254, 55.74934],
            [37.88735, 55.74846],
            [37.88771, 55.74858],
            [37.88825, 55.74846],
            [37.88871, 55.74714],
            [37.88933, 55.74547],
            [37.89003, 55.74363],
            [37.89095, 55.74219],
            [37.8904, 55.74208],
            [37.89008, 55.74187],
            [37.89009, 55.7416],
            [37.88583, 55.74261],
            [37.8836, 55.74269],
            [37.88175, 55.74273],
            [37.88075, 55.7425],
            [37.88011, 55.74225],
            [37.88003, 55.74175],
            [37.87801, 55.73787],
            [37.87316, 55.73816],
            [37.86849, 55.73729],
            [37.86654, 55.7363],
            [37.86671, 55.73618],
            [37.86424, 55.73472],
            [37.86547, 55.73316],
            [37.86889, 55.73297],
            [37.86954, 55.73239],
            [37.87123, 55.73084],
            [37.87157, 55.73085],
            [37.87341, 55.72965],
            [37.87217, 55.72771],
            [37.87027, 55.72659],
            [37.87245, 55.72338],
            [37.87611, 55.72343],
            [37.877, 55.72162],
            [37.8764, 55.72044],
            [37.881, 55.7191],
            [37.88249, 55.719],
            [37.88343, 55.71916],
            [37.88612, 55.71959],
            [37.88692, 55.72026],
            [37.88713, 55.72165],
            [37.88608, 55.72237],
            [37.88416, 55.7234],
            [37.88548, 55.72419],
            [37.88744, 55.72377],
            [37.8889, 55.72379],
            [37.88985, 55.7237],
            [37.89063, 55.72231],
            [37.89231, 55.72319],
            [37.89837, 55.72357],
            [37.89932, 55.72362],
            [37.89933, 55.72403],
            [37.90018, 55.72434],
            [37.90182, 55.72442],
            [37.90242, 55.72525],
            [37.90353, 55.72533],
            [37.90505, 55.7251],
            [37.90505, 55.72497],
            [37.90544, 55.72495],
            [37.90636, 55.72479],
            [37.90779, 55.7248],
            [37.91183, 55.72574],
            [37.91381, 55.72658],
            [37.91505, 55.72698],
            [37.91547, 55.72747],
            [37.91618, 55.72771],
            [37.9164, 55.72816],
            [37.91693, 55.72836],
            [37.91738, 55.72945],
            [37.91797, 55.73052],
            [37.91804, 55.73062],
            [37.91866, 55.7307],
            [37.91933, 55.7307],
            [37.91998, 55.7308],
            [37.92061, 55.73088],
            [37.92116, 55.73086],
            [37.92212, 55.73101],
            [37.92287, 55.73123],
            [37.92359, 55.73123],
            [37.92404, 55.73105],
            [37.92414, 55.731],
            [37.92424, 55.73089],
            [37.92439, 55.73085],
            [37.92448, 55.73083],
            [37.92479, 55.73077],
            [37.9252, 55.73051],
            [37.92555, 55.73052],
            [37.92562, 55.73047],
            [37.92653, 55.73054],
            [37.92748, 55.73023],
            [37.92802, 55.73],
            [37.92835, 55.72954],
            [37.9284, 55.72943],
            [37.92852, 55.72935],
            [37.92886, 55.72932],
            [37.92996, 55.72945],
            [37.93024, 55.72981],
            [37.93041, 55.72986],
            [37.93087, 55.72975],
            [37.93138, 55.72937],
            [37.93195, 55.72916],
            [37.93295, 55.72869],
            [37.93429, 55.72788],
            [37.93496, 55.72764],
            [37.9356, 55.72739],
            [37.93634, 55.72713],
            [37.93761, 55.72689],
            [37.93768, 55.72653],
            [37.93897, 55.72558],
            [37.93976, 55.72503],
            [37.94014, 55.72469],
            [37.94046, 55.72457],
            [37.94065, 55.72456],
            [37.94061, 55.72452],
            [37.94052, 55.72449],
            [37.94082, 55.72434],
            [37.94114, 55.72399],
            [37.94158, 55.72349],
            [37.94181, 55.72317],
            [37.94227, 55.72299],
            [37.94243, 55.72281],
            [37.9424, 55.72276],
            [37.94248, 55.72269],
            [37.9424, 55.72253],
            [37.9424, 55.72249],
            [37.94248, 55.72248],
            [37.94253, 55.72243],
            [37.9425, 55.72239],
            [37.94247, 55.72239],
            [37.94261, 55.72205],
            [37.94293, 55.72195],
            [37.94303, 55.72193],
            [37.9431, 55.72192],
            [37.9432, 55.72193],
            [37.94327, 55.72194],
            [37.94334, 55.72191],
            [37.94337, 55.72188],
            [37.94334, 55.72184],
            [37.94332, 55.72181],
            [37.9433, 55.72178],
            [37.94337, 55.72171],
            [37.94351, 55.72151],
            [37.94358, 55.72145],
            [37.9437, 55.72143],
            [37.94389, 55.72144],
            [37.94397, 55.72144],
            [37.94401, 55.72148],
            [37.94409, 55.72151],
            [37.94414, 55.7215],
            [37.94408, 55.72143],
            [37.94407, 55.7214],
            [37.94433, 55.72133],
            [37.94436, 55.72136],
            [37.94443, 55.72154],
            [37.94448, 55.72155],
            [37.94455, 55.72154],
            [37.94463, 55.72149],
            [37.94505, 55.72122],
            [37.94565, 55.72084],
            [37.94516, 55.72081],
            [37.943, 55.71981],
            [37.94133, 55.71895],
            [37.94068, 55.71862],
            [37.93837, 55.71743],
            [37.938, 55.71738],
            [37.93659, 55.71624],
            [37.93093, 55.71619],
            [37.92807, 55.71616],
            [37.92625, 55.71515],
            [37.92611, 55.71219],
            [37.92569, 55.71198],
            [37.92485, 55.71111],
            [37.92479, 55.71112],
            [37.92336, 55.70954],
            [37.92258, 55.70869],
            [37.92192, 55.70796],
            [37.92067, 55.7078],
            [37.91925, 55.70761],
            [37.90701, 55.70699],
            [37.90623, 55.70699],
            [37.90544, 55.70699],
            [37.90134, 55.70662],
            [37.89724, 55.70625],
            [37.89337, 55.70555],
            [37.8929, 55.70551],
            [37.88697, 55.70522],
            [37.88549, 55.70422],
            [37.88401, 55.70323],
            [37.88387, 55.70329],
            [37.88318, 55.70282],
            [37.8825, 55.70236],
            [37.88231, 55.70246],
            [37.8815, 55.70185],
            [37.88057, 55.70115],
            [37.88114, 55.70086],
            [37.8811, 55.70085],
            [37.87947, 55.70027],
            [37.87739, 55.69889],
            [37.8753, 55.69752],
            [37.87295, 55.69606],
            [37.87153, 55.6953],
            [37.86843, 55.69687],
            [37.86533, 55.69844],
            [37.86486, 55.69867],
            [37.86269, 55.69979],
            [37.86005, 55.70114],
            [37.85953, 55.70082],
            [37.85895, 55.7011],
            [37.85878, 55.701],
            [37.85818, 55.70125],
            [37.85341, 55.70354],
            [37.85344, 55.70379],
            [37.85234, 55.7042],
            [37.8492, 55.70527],
            [37.84555, 55.70649],
            [37.84396, 55.70703],
            [37.84237, 55.70761],
            [37.84137, 55.70797],
            [37.83741, 55.70929],
            [37.83602, 55.70978],
            [37.8339, 55.71048],
            [37.82731, 55.71268],
            [37.82388, 55.71385],
            [37.82073, 55.7149],
            [37.81677, 55.71623],
            [37.81358, 55.71732],
            [37.81209, 55.71782],
            [37.80857, 55.719],
            [37.80481, 55.72027],
            [37.80081, 55.72154],
            [37.79912, 55.72211],
            [37.79677, 55.72289],
            [37.79372, 55.72398],
            [37.79231, 55.72446],
            [37.7898, 55.72529],
            [37.77906, 55.72889],
            [37.77714, 55.72951],
            [37.7759, 55.72994],
            [37.77489, 55.73039],
            [37.77417, 55.73074],
            [37.77385, 55.73091],
            [37.76997, 55.7329],
            [37.76927, 55.73325],
            [37.76752, 55.73415],
            [37.7673, 55.73427],
            [37.76713, 55.73436],
            [37.76589, 55.73496],
            [37.76264, 55.73654],
            [37.76221, 55.73671],
            [37.76176, 55.73686],
            [37.76127, 55.73699],
            [37.76091, 55.73707],
            [37.76054, 55.73713],
            [37.75998, 55.73723],
            [37.75923, 55.73736],
            [37.75855, 55.73745],
            [37.75536, 55.73785],
            [37.75398, 55.73805],
            [37.75277, 55.73826],
            [37.75162, 55.7385],
            [37.75046, 55.7388],
            [37.74935, 55.73916],
            [37.74839, 55.73953],
            [37.74751, 55.73995],
            [37.74672, 55.74037],
            [37.74594, 55.74088],
            [37.74529, 55.74139],
            [37.74397, 55.74254],
            [37.7431, 55.74318],
            [37.74237, 55.74367],
            [37.74174, 55.74405],
            [37.74102, 55.74445],
            [37.74018, 55.74483],
            [37.73934, 55.74518],
            [37.73842, 55.74549],
            [37.73745, 55.74576],
            [37.7366, 55.74597],
            [37.73619, 55.74609],
            [37.72654, 55.74865],
            [37.72533, 55.74897],
            [37.72445, 55.74923],
            [37.72363, 55.74952],
            [37.72301, 55.74977],
            [37.7224, 55.75006],
            [37.72185, 55.75035],
            [37.72137, 55.75064],
            [37.72084, 55.75098],
            [37.72057, 55.75116],
            [37.72031, 55.75136],
            [37.71974, 55.75185],
            [37.71961, 55.75198],
            [37.71917, 55.75241],
            [37.71872, 55.75294],
            [37.71839, 55.75342],
            [37.71813, 55.75388],
            [37.71792, 55.75441],
            [37.71776, 55.75496],
            [37.71768, 55.75551],
            [37.71766, 55.75596],
            [37.71771, 55.75648],
            [37.71782, 55.75698],
            [37.71797, 55.75749],
            [37.71818, 55.75802],
            [37.71843, 55.75851],
            [37.71967, 55.76063],
            [37.71986, 55.76094],
            [37.72025, 55.76161],
            [37.72047, 55.76203],
            [37.72063, 55.76246],
            [37.72071, 55.76278],
            [37.72074, 55.76312],
            [37.72087, 55.76495],
            [37.72085, 55.76547],
            [37.72078, 55.76588],
            [37.72063, 55.76632],
            [37.72039, 55.76673],
            [37.72009, 55.76713],
            [37.71961, 55.76768],
            [37.71784, 55.76959],
            [37.71737, 55.77015],
            [37.71697, 55.7707],
            [37.7163, 55.77178],
            [37.71595, 55.7723],
            [37.71419, 55.77453],
            [37.71375, 55.77511],
            [37.71361, 55.7753],
            [37.71352, 55.77526],
            [37.71333, 55.77548],
            [37.71268, 55.77617],
            [37.71093, 55.778],
            [37.71043, 55.77845],
            [37.70992, 55.77887],
            [37.70934, 55.77928],
            [37.70879, 55.77962],
            [37.7083, 55.77991],
            [37.70774, 55.78016],
            [37.70713, 55.78038],
            [37.70609, 55.78074],
            [37.70525, 55.78099],
            [37.70507, 55.78104],
            [37.7043, 55.78124],
            [37.70318, 55.78152],
            [37.70253, 55.78165],
            [37.7019, 55.78177],
            [37.70124, 55.78185],
            [37.70061, 55.78189],
            [37.69998, 55.78191],
            [37.6999, 55.78191],
            [37.69952, 55.78197],
            [37.69939, 55.78197],
            [37.69679, 55.78202],
            [37.69634, 55.78194],
            [37.6926, 55.78196],
            [37.69225, 55.78184],
            [37.68882, 55.78191],
            [37.686, 55.78252],
            [37.68267, 55.78316],
            [37.67831, 55.78402],
            [37.67575, 55.78453],
            [37.67509, 55.78468],
            [37.67458, 55.78479],
            [37.67407, 55.78489],
            [37.67228, 55.78522],
            [37.66709, 55.78614],
            [37.66384, 55.78676],
            [37.66252, 55.78701],
            [37.66106, 55.78732],
            [37.66003, 55.78752],
            [37.6556, 55.78838],
            [37.65152, 55.78937],
            [37.65082, 55.79076],
            [37.65045, 55.79164],
            [37.65031, 55.79292]
          ]
        ]
      }
    },
    {
      "type": "Feature",
      "properties": {
        "name": "Юго-Восточный",
        "color": "#FFEAA7",
        "value": "11"
      },
      "geometry": {
        "type": "Polygon",
        "coordinates": [
          [
            [37.66069, 55.7307],
            [37.66082, 55.73073],
            [37.66134, 55.73084],
            [37.66303, 55.73116],
            [37.6634, 55.73124],
            [37.66366, 55.73129],
            [37.66409, 55.73139],
            [37.66443, 55.73147],
            [37.66581, 55.73164],
            [37.66624, 55.73154],
            [37.66682, 55.73122],
            [37.66746, 55.73086],
            [37.66749, 55.73083],
            [37.66766, 55.73059],
            [37.66773, 55.73039],
            [37.66792, 55.73003],
            [37.66813, 55.7297],
            [37.66866, 55.72885],
            [37.6692, 55.72802],
            [37.66963, 55.72737],
            [37.66971, 55.72724],
            [37.67016, 55.72655],
            [37.67056, 55.72591],
            [37.67064, 55.7258],
            [37.67256, 55.72624],
            [37.67757, 55.72731],
            [37.67807, 55.72752],
            [37.67843, 55.72783],
            [37.67862, 55.72799],
            [37.67875, 55.72811],
            [37.67886, 55.7282],
            [37.67892, 55.72826],
            [37.68057, 55.72769],
            [37.68056, 55.72778],
            [37.68052, 55.72806],
            [37.68051, 55.72815],
            [37.68048, 55.72833],
            [37.68047, 55.7284],
            [37.68157, 55.72847],
            [37.68144, 55.72904],
            [37.6833, 55.72907],
            [37.6841, 55.72958],
            [37.68406, 55.73003],
            [37.68584, 55.73011],
            [37.68583, 55.73018],
            [37.68543, 55.73258],
            [37.68536, 55.733],
            [37.6856, 55.73294],
            [37.6869, 55.73245],
            [37.6882, 55.73177],
            [37.69094, 55.73018],
            [37.69216, 55.72954],
            [37.69264, 55.72937],
            [37.69304, 55.72929],
            [37.69331, 55.72928],
            [37.6936, 55.72929],
            [37.6937, 55.7293],
            [37.69396, 55.72953],
            [37.69451, 55.7303],
            [37.69513, 55.73118],
            [37.69574, 55.732],
            [37.6961, 55.73247],
            [37.69661, 55.73313],
            [37.69709, 55.73376],
            [37.69717, 55.73386],
            [37.6972, 55.7339],
            [37.69831, 55.73535],
            [37.69835, 55.7354],
            [37.69841, 55.73547],
            [37.69848, 55.73562],
            [37.69886, 55.73644],
            [37.69929, 55.73638],
            [37.69984, 55.73632],
            [37.69949, 55.73674],
            [37.69792, 55.73959],
            [37.69708, 55.74079],
            [37.69616, 55.7417],
            [37.69528, 55.74232],
            [37.6937, 55.74318],
            [37.6923, 55.74384],
            [37.69234, 55.74387],
            [37.68994, 55.745],
            [37.68695, 55.74636],
            [37.68597, 55.74677],
            [37.68487, 55.74731],
            [37.68478, 55.74729],
            [37.68395, 55.74769],
            [37.6832, 55.748],
            [37.68244, 55.74827],
            [37.68154, 55.74853],
            [37.68066, 55.74875],
            [37.67981, 55.74893],
            [37.67836, 55.74919],
            [37.67762, 55.74932],
            [37.67664, 55.74948],
            [37.67599, 55.74959],
            [37.67311, 55.75005],
            [37.67233, 55.75021],
            [37.67168, 55.75036],
            [37.67105, 55.75056],
            [37.67053, 55.75075],
            [37.67108, 55.75115],
            [37.67185, 55.7518],
            [37.67255, 55.75239],
            [37.67302, 55.75317],
            [37.67305, 55.75369],
            [37.67294, 55.754],
            [37.67271, 55.75442],
            [37.67226, 55.75508],
            [37.67168, 55.75612],
            [37.67136, 55.75663],
            [37.67076, 55.75792],
            [37.67096, 55.75835],
            [37.67133, 55.75868],
            [37.6723, 55.75916],
            [37.67302, 55.75933],
            [37.67391, 55.75937],
            [37.67513, 55.75931],
            [37.67649, 55.7592],
            [37.67947, 55.75906],
            [37.68022, 55.75907],
            [37.68095, 55.75914],
            [37.6818, 55.75931],
            [37.68259, 55.75954],
            [37.68416, 55.76027],
            [37.68539, 55.76153],
            [37.68601, 55.7622],
            [37.68575, 55.76355],
            [37.68585, 55.76398],
            [37.68612, 55.76431],
            [37.68729, 55.7657],
            [37.68844, 55.76713],
            [37.68904, 55.76777],
            [37.69038, 55.76848],
            [37.69219, 55.76948],
            [37.69232, 55.7694],
            [37.69237, 55.76938],
            [37.69243, 55.76935],
            [37.69286, 55.76914],
            [37.69409, 55.76847],
            [37.69542, 55.76772],
            [37.6968, 55.76694],
            [37.69692, 55.76688],
            [37.69703, 55.76683],
            [37.69707, 55.76681],
            [37.69722, 55.7668],
            [37.6973, 55.76679],
            [37.69738, 55.7668],
            [37.69749, 55.76684],
            [37.69754, 55.76688],
            [37.69765, 55.76695],
            [37.69793, 55.76713],
            [37.69874, 55.76763],
            [37.69889, 55.76773],
            [37.69895, 55.76777],
            [37.69919, 55.76792],
            [37.69937, 55.76804],
            [37.70036, 55.7687],
            [37.7018, 55.76959],
            [37.70252, 55.77003],
            [37.70277, 55.77013],
            [37.70309, 55.77024],
            [37.70347, 55.77037],
            [37.7038, 55.77046],
            [37.70395, 55.7705],
            [37.70435, 55.77061],
            [37.70465, 55.77073],
            [37.70473, 55.77077],
            [37.70482, 55.77083],
            [37.70515, 55.7711],
            [37.70529, 55.77119],
            [37.70542, 55.77127],
            [37.70568, 55.77141],
            [37.70661, 55.77184],
            [37.70737, 55.77222],
            [37.70764, 55.77234],
            [37.70833, 55.77269],
            [37.70897, 55.773],
            [37.70965, 55.77334],
            [37.70973, 55.77338],
            [37.70987, 55.77345],
            [37.71012, 55.77357],
            [37.71026, 55.77365],
            [37.71045, 55.77374],
            [37.71106, 55.77406],
            [37.71166, 55.77435],
            [37.71179, 55.77442],
            [37.71188, 55.77447],
            [37.71202, 55.77453],
            [37.7125, 55.77477],
            [37.71291, 55.77498],
            [37.71318, 55.77511],
            [37.71352, 55.77526],
            [37.71361, 55.7753],
            [37.71375, 55.77511],
            [37.71419, 55.77453],
            [37.71595, 55.7723],
            [37.7163, 55.77178],
            [37.71697, 55.7707],
            [37.71737, 55.77015],
            [37.71784, 55.76959],
            [37.71961, 55.76768],
            [37.72009, 55.76713],
            [37.72039, 55.76673],
            [37.72063, 55.76632],
            [37.72078, 55.76588],
            [37.72085, 55.76547],
            [37.72087, 55.76495],
            [37.72074, 55.76312],
            [37.72071, 55.76278],
            [37.72063, 55.76246],
            [37.72047, 55.76203],
            [37.72025, 55.76161],
            [37.71986, 55.76094],
            [37.71967, 55.76063],
            [37.71843, 55.75851],
            [37.71818, 55.75802],
            [37.71797, 55.75749],
            [37.71782, 55.75698],
            [37.71771, 55.75648],
            [37.71766, 55.75596],
            [37.71768, 55.75551],
            [37.71776, 55.75496],
            [37.71792, 55.75441],
            [37.71813, 55.75388],
            [37.71839, 55.75342],
            [37.71872, 55.75294],
            [37.71917, 55.75241],
            [37.71961, 55.75198],
            [37.71974, 55.75185],
            [37.72031, 55.75136],
            [37.72057, 55.75116],
            [37.72084, 55.75098],
            [37.72137, 55.75064],
            [37.72185, 55.75035],
            [37.7224, 55.75006],
            [37.72301, 55.74977],
            [37.72363, 55.74952],
            [37.72445, 55.74923],
            [37.72533, 55.74897],
            [37.72654, 55.74865],
            [37.73619, 55.74609],
            [37.7366, 55.74597],
            [37.73745, 55.74576],
            [37.73842, 55.74549],
            [37.73934, 55.74518],
            [37.74018, 55.74483],
            [37.74102, 55.74445],
            [37.74174, 55.74405],
            [37.74237, 55.74367],
            [37.7431, 55.74318],
            [37.74397, 55.74254],
            [37.74529, 55.74139],
            [37.74594, 55.74088],
            [37.74672, 55.74037],
            [37.74751, 55.73995],
            [37.74839, 55.73953],
            [37.74935, 55.73916],
            [37.75046, 55.7388],
            [37.75162, 55.7385],
            [37.75277, 55.73826],
            [37.75398, 55.73805],
            [37.75536, 55.73785],
            [37.75855, 55.73745],
            [37.75923, 55.73736],
            [37.75998, 55.73723],
            [37.76054, 55.73713],
            [37.76091, 55.73707],
            [37.76127, 55.73699],
            [37.76176, 55.73686],
            [37.76221, 55.73671],
            [37.76264, 55.73654],
            [37.76589, 55.73496],
            [37.76713, 55.73436],
            [37.7673, 55.73427],
            [37.76752, 55.73415],
            [37.76927, 55.73325],
            [37.76997, 55.7329],
            [37.77385, 55.73091],
            [37.77417, 55.73074],
            [37.77489, 55.73039],
            [37.7759, 55.72994],
            [37.77714, 55.72951],
            [37.77906, 55.72889],
            [37.7898, 55.72529],
            [37.79231, 55.72446],
            [37.79372, 55.72398],
            [37.79677, 55.72289],
            [37.79912, 55.72211],
            [37.80081, 55.72154],
            [37.80481, 55.72027],
            [37.80857, 55.719],
            [37.81209, 55.71782],
            [37.81358, 55.71732],
            [37.81677, 55.71623],
            [37.82073, 55.7149],
            [37.82388, 55.71385],
            [37.82731, 55.71268],
            [37.8339, 55.71048],
            [37.83602, 55.70978],
            [37.83741, 55.70929],
            [37.84137, 55.70797],
            [37.84237, 55.70761],
            [37.84396, 55.70703],
            [37.84555, 55.70649],
            [37.8492, 55.70527],
            [37.85234, 55.7042],
            [37.85344, 55.70379],
            [37.85341, 55.70354],
            [37.85818, 55.70125],
            [37.85732, 55.7007],
            [37.85737, 55.70062],
            [37.85792, 55.70036],
            [37.85841, 55.70012],
            [37.85655, 55.69899],
            [37.85617, 55.69876],
            [37.85874, 55.69737],
            [37.86032, 55.69627],
            [37.86081, 55.69591],
            [37.86409, 55.69369],
            [37.86383, 55.69354],
            [37.86081, 55.69176],
            [37.86073, 55.69168],
            [37.8605, 55.69148],
            [37.86041, 55.6914],
            [37.86001, 55.69103],
            [37.86019, 55.69093],
            [37.86232, 55.68976],
            [37.86392, 55.68877],
            [37.86475, 55.68826],
            [37.86475, 55.68818],
            [37.86477, 55.68735],
            [37.86479, 55.68735],
            [37.8634, 55.68502],
            [37.86102, 55.68095],
            [37.86048, 55.67989],
            [37.86018, 55.67935],
            [37.85953, 55.67816],
            [37.85942, 55.67796],
            [37.85886, 55.6771],
            [37.85728, 55.67599],
            [37.85696, 55.67576],
            [37.8569, 55.67573],
            [37.84969, 55.67906],
            [37.84756, 55.68],
            [37.84572, 55.68078],
            [37.84339, 55.68173],
            [37.84025, 55.68295],
            [37.83806, 55.68381],
            [37.83686, 55.68426],
            [37.83585, 55.68457],
            [37.83538, 55.68462],
            [37.83466, 55.68464],
            [37.83338, 55.68439],
            [37.83277, 55.68403],
            [37.83252, 55.68365],
            [37.83247, 55.68342],
            [37.83246, 55.68304],
            [37.83279, 55.68222],
            [37.83338, 55.68091],
            [37.83374, 55.68005],
            [37.8341, 55.67911],
            [37.83435, 55.67841],
            [37.83453, 55.67789],
            [37.8347, 55.67732],
            [37.83481, 55.67703],
            [37.83493, 55.67676],
            [37.83504, 55.67647],
            [37.83513, 55.67617],
            [37.83525, 55.67588],
            [37.83546, 55.67532],
            [37.83556, 55.67503],
            [37.83566, 55.67474],
            [37.83591, 55.67406],
            [37.83607, 55.67359],
            [37.83634, 55.67293],
            [37.83666, 55.6721],
            [37.83706, 55.67096],
            [37.8376, 55.66951],
            [37.8378, 55.6689],
            [37.83806, 55.66825],
            [37.83846, 55.66713],
            [37.83892, 55.66591],
            [37.83934, 55.66474],
            [37.83948, 55.66435],
            [37.8396, 55.66401],
            [37.83972, 55.66353],
            [37.83984, 55.66305],
            [37.83994, 55.66257],
            [37.84003, 55.66211],
            [37.84007, 55.66159],
            [37.84011, 55.66111],
            [37.84014, 55.65983],
            [37.84011, 55.65921],
            [37.84004, 55.65856],
            [37.84013, 55.65827],
            [37.84074, 55.65815],
            [37.84125, 55.65811],
            [37.84163, 55.65785],
            [37.8416, 55.65728],
            [37.84139, 55.6567],
            [37.84129, 55.65642],
            [37.84096, 55.65556],
            [37.84104, 55.65551],
            [37.84127, 55.65535],
            [37.84114, 55.65519],
            [37.83951, 55.65552],
            [37.83926, 55.65552],
            [37.8391, 55.65547],
            [37.8389, 55.65524],
            [37.83837, 55.65424],
            [37.83772, 55.65328],
            [37.83721, 55.65262],
            [37.83699, 55.65236],
            [37.83629, 55.6515],
            [37.83606, 55.65122],
            [37.83578, 55.65094],
            [37.83512, 55.65024],
            [37.8349, 55.65006],
            [37.83406, 55.64945],
            [37.83209, 55.64805],
            [37.83085, 55.64725],
            [37.82962, 55.64646],
            [37.82887, 55.64602],
            [37.82844, 55.64568],
            [37.828, 55.64537],
            [37.82768, 55.64523],
            [37.82734, 55.64509],
            [37.82483, 55.64339],
            [37.82473, 55.64331],
            [37.82266, 55.64162],
            [37.82254, 55.64151],
            [37.82256, 55.64148],
            [37.82266, 55.64137],
            [37.82293, 55.64124],
            [37.82315, 55.64114],
            [37.82334, 55.64103],
            [37.82354, 55.64091],
            [37.82375, 55.64082],
            [37.82394, 55.64071],
            [37.82411, 55.64059],
            [37.82416, 55.64049],
            [37.82418, 55.64036],
            [37.82415, 55.64024],
            [37.82401, 55.64009],
            [37.82382, 55.63996],
            [37.82364, 55.63981],
            [37.82351, 55.63967],
            [37.82293, 55.63932],
            [37.82258, 55.63928],
            [37.82238, 55.6392],
            [37.82214, 55.63914],
            [37.82192, 55.63911],
            [37.82176, 55.63908],
            [37.82147, 55.63913],
            [37.82125, 55.63921],
            [37.82106, 55.63929],
            [37.8209, 55.63936],
            [37.82072, 55.63943],
            [37.82038, 55.63943],
            [37.81898, 55.63931],
            [37.81854, 55.63927],
            [37.81833, 55.63921],
            [37.81812, 55.63909],
            [37.81741, 55.63862],
            [37.81697, 55.63834],
            [37.81393, 55.63636],
            [37.81034, 55.63403],
            [37.80866, 55.63291],
            [37.80836, 55.63258],
            [37.80839, 55.63253],
            [37.80747, 55.63193],
            [37.80736, 55.63196],
            [37.80616, 55.63126],
            [37.80471, 55.63034],
            [37.80197, 55.62854],
            [37.80135, 55.62813],
            [37.80065, 55.62769],
            [37.8006, 55.62746],
            [37.79974, 55.62692],
            [37.79585, 55.62423],
            [37.79356, 55.62296],
            [37.78976, 55.62575],
            [37.78671, 55.63026],
            [37.78503, 55.63326],
            [37.78426, 55.63833],
            [37.78383, 55.64259],
            [37.78551, 55.64511],
            [37.78534, 55.64733],
            [37.78345, 55.64855],
            [37.7798, 55.64874],
            [37.76692, 55.64562],
            [37.7662, 55.64545],
            [37.74959, 55.64063],
            [37.74538, 55.6399],
            [37.7295, 55.64089],
            [37.72903, 55.64085],
            [37.72647, 55.64062],
            [37.71328, 55.63946],
            [37.69942, 55.64212],
            [37.69448, 55.64328],
            [37.69291, 55.64383],
            [37.68895, 55.64522],
            [37.67804, 55.64994],
            [37.67457, 55.65176],
            [37.67259, 55.65321],
            [37.67165, 55.65435],
            [37.67152, 55.65578],
            [37.6716, 55.65636],
            [37.67238, 55.66198],
            [37.67324, 55.66511],
            [37.67504, 55.66765],
            [37.67813, 55.66905],
            [37.68242, 55.67062],
            [37.6874, 55.67116],
            [37.69075, 55.67324],
            [37.6927, 55.67378],
            [37.69735, 55.67506],
            [37.70034, 55.67589],
            [37.70476, 55.67736],
            [37.70724, 55.6788],
            [37.70793, 55.6791],
            [37.71195, 55.68132],
            [37.71238, 55.68466],
            [37.71212, 55.68846],
            [37.70757, 55.69327],
            [37.69478, 55.69535],
            [37.68851, 55.69658],
            [37.68465, 55.69737],
            [37.67901, 55.69819],
            [37.67449, 55.69851],
            [37.67293, 55.69968],
            [37.67095, 55.7005],
            [37.66729, 55.70074],
            [37.66735, 55.70127],
            [37.66756, 55.70314],
            [37.66781, 55.70528],
            [37.66743, 55.70657],
            [37.66729, 55.70695],
            [37.66636, 55.7098],
            [37.66626, 55.7101],
            [37.66613, 55.71049],
            [37.66588, 55.71121],
            [37.66508, 55.71374],
            [37.66379, 55.71778],
            [37.66366, 55.71814],
            [37.66361, 55.71843],
            [37.66354, 55.71899],
            [37.66359, 55.72033],
            [37.66361, 55.72069],
            [37.66364, 55.72195],
            [37.66366, 55.7225],
            [37.66368, 55.72307],
            [37.66366, 55.72438],
            [37.6636, 55.72522],
            [37.66313, 55.72676],
            [37.66309, 55.72686],
            [37.6622, 55.72844],
            [37.66076, 55.7306],
            [37.66071, 55.73068],
            [37.66069, 55.7307]
          ]
        ]
      }
    },
    {
      "type": "Feature",
      "properties": {
        "name": "Южный",
        "color": "#DDA0DD",
        "value": "7"
      },
      "geometry": {
        "type": "Polygon",
        "coordinates": [
          [
            [37.5698, 55.60807],
            [37.56992, 55.60847],
            [37.57095, 55.60851],
            [37.57171, 55.60838],
            [37.57199, 55.60831],
            [37.57329, 55.60831],
            [37.57362, 55.60836],
            [37.57424, 55.60869],
            [37.57469, 55.60882],
            [37.57558, 55.61098],
            [37.57568, 55.61179],
            [37.5752, 55.61263],
            [37.57463, 55.61323],
            [37.57753, 55.61433],
            [37.57779, 55.61453],
            [37.57809, 55.61476],
            [37.57769, 55.61486],
            [37.57593, 55.61551],
            [37.57846, 55.61876],
            [37.57942, 55.61969],
            [37.58042, 55.61933],
            [37.5805, 55.61939],
            [37.57952, 55.61983],
            [37.57889, 55.62009],
            [37.57789, 55.61935],
            [37.57755, 55.61925],
            [37.57732, 55.61926],
            [37.57698, 55.61931],
            [37.57568, 55.61968],
            [37.57499, 55.61982],
            [37.57475, 55.62005],
            [37.57506, 55.62054],
            [37.57556, 55.62102],
            [37.57595, 55.62142],
            [37.5764, 55.62176],
            [37.57692, 55.62196],
            [37.57793, 55.62174],
            [37.57808, 55.62191],
            [37.57859, 55.62177],
            [37.57884, 55.62175],
            [37.57831, 55.62205],
            [37.57838, 55.62221],
            [37.57871, 55.62224],
            [37.57888, 55.62212],
            [37.57917, 55.62211],
            [37.57967, 55.62194],
            [37.57967, 55.62185],
            [37.57991, 55.62174],
            [37.58011, 55.6217],
            [37.58029, 55.62178],
            [37.58054, 55.62179],
            [37.58126, 55.62223],
            [37.58263, 55.62324],
            [37.58222, 55.62333],
            [37.58166, 55.62292],
            [37.58154, 55.62304],
            [37.58183, 55.62325],
            [37.58188, 55.62335],
            [37.58172, 55.62339],
            [37.58193, 55.62364],
            [37.58178, 55.62385],
            [37.58139, 55.62407],
            [37.58199, 55.62425],
            [37.58235, 55.62436],
            [37.58203, 55.62458],
            [37.58242, 55.6248],
            [37.58278, 55.62517],
            [37.58289, 55.6254],
            [37.58324, 55.62623],
            [37.58345, 55.62628],
            [37.58364, 55.62633],
            [37.58382, 55.62691],
            [37.58404, 55.62689],
            [37.58421, 55.62669],
            [37.58435, 55.62668],
            [37.58468, 55.6277],
            [37.58463, 55.62774],
            [37.58435, 55.62764],
            [37.58419, 55.62758],
            [37.58403, 55.62778],
            [37.58409, 55.62799],
            [37.58445, 55.628],
            [37.58474, 55.62793],
            [37.58492, 55.62835],
            [37.58503, 55.62872],
            [37.58484, 55.62877],
            [37.58467, 55.62848],
            [37.58435, 55.62856],
            [37.58422, 55.62843],
            [37.58413, 55.62867],
            [37.58459, 55.62897],
            [37.58515, 55.6292],
            [37.58528, 55.6294],
            [37.58526, 55.62954],
            [37.5854, 55.6298],
            [37.58551, 55.63002],
            [37.5858, 55.63062],
            [37.58598, 55.63117],
            [37.5858, 55.63142],
            [37.58524, 55.63149],
            [37.58382, 55.63147],
            [37.57727, 55.63268],
            [37.57741, 55.63436],
            [37.57757, 55.63445],
            [37.57778, 55.6347],
            [37.57814, 55.63474],
            [37.5788, 55.63536],
            [37.57906, 55.63541],
            [37.57921, 55.63555],
            [37.57914, 55.63566],
            [37.57928, 55.63578],
            [37.58016, 55.63556],
            [37.58059, 55.63591],
            [37.57984, 55.63602],
            [37.58032, 55.63657],
            [37.58053, 55.63659],
            [37.58062, 55.63677],
            [37.58083, 55.63681],
            [37.5811, 55.63728],
            [37.58167, 55.6372],
            [37.58167, 55.6372],
            [37.58221, 55.63854],
            [37.58221, 55.63855],
            [37.58149, 55.63896],
            [37.58145, 55.63949],
            [37.58162, 55.63948],
            [37.58206, 55.63954],
            [37.58216, 55.63965],
            [37.58212, 55.63973],
            [37.582, 55.63982],
            [37.58162, 55.63997],
            [37.58126, 55.6409],
            [37.58192, 55.6409],
            [37.58191, 55.64099],
            [37.582, 55.64122],
            [37.58071, 55.64233],
            [37.57929, 55.6428],
            [37.57936, 55.64362],
            [37.57993, 55.64379],
            [37.57996, 55.64437],
            [37.58003, 55.64481],
            [37.58004, 55.64493],
            [37.58034, 55.64491],
            [37.58037, 55.64511],
            [37.58039, 55.64533],
            [37.58267, 55.64463],
            [37.58659, 55.64343],
            [37.58942, 55.64258],
            [37.59022, 55.6424],
            [37.59168, 55.64219],
            [37.59451, 55.64196],
            [37.59482, 55.64195],
            [37.60573, 55.64133],
            [37.60565, 55.64334],
            [37.60559, 55.64448],
            [37.60558, 55.64482],
            [37.60559, 55.6452],
            [37.60559, 55.64538],
            [37.60559, 55.6455],
            [37.60559, 55.64561],
            [37.60562, 55.64739],
            [37.60558, 55.64862],
            [37.60553, 55.65107],
            [37.6055, 55.65292],
            [37.6055, 55.65304],
            [37.6055, 55.65337],
            [37.6055, 55.65363],
            [37.60549, 55.65373],
            [37.60546, 55.65479],
            [37.60544, 55.65606],
            [37.60545, 55.65622],
            [37.60545, 55.65645],
            [37.60547, 55.65653],
            [37.60549, 55.65658],
            [37.60567, 55.65681],
            [37.60587, 55.65703],
            [37.60692, 55.65792],
            [37.60806, 55.6589],
            [37.60812, 55.65895],
            [37.60996, 55.66045],
            [37.61024, 55.66068],
            [37.61041, 55.66081],
            [37.61054, 55.6609],
            [37.61137, 55.6616],
            [37.61287, 55.66288],
            [37.61302, 55.663],
            [37.61316, 55.66313],
            [37.6134, 55.66333],
            [37.6135, 55.66341],
            [37.61357, 55.66348],
            [37.60765, 55.66408],
            [37.60771, 55.66428],
            [37.60812, 55.66447],
            [37.60909, 55.66512],
            [37.6097, 55.66522],
            [37.61064, 55.66496],
            [37.61092, 55.6653],
            [37.611, 55.66539],
            [37.6111, 55.66551],
            [37.61164, 55.66613],
            [37.60685, 55.66828],
            [37.60628, 55.66886],
            [37.6061, 55.67039],
            [37.60623, 55.6717],
            [37.60565, 55.67206],
            [37.60593, 55.67245],
            [37.60584, 55.67285],
            [37.6061, 55.67322],
            [37.60691, 55.67387],
            [37.60728, 55.67417],
            [37.60737, 55.67449],
            [37.60738, 55.67467],
            [37.60774, 55.67471],
            [37.6081, 55.67496],
            [37.60838, 55.67523],
            [37.60875, 55.67542],
            [37.60889, 55.67556],
            [37.60893, 55.67592],
            [37.60912, 55.67641],
            [37.60925, 55.67644],
            [37.60938, 55.67649],
            [37.60951, 55.67656],
            [37.60986, 55.67667],
            [37.61003, 55.67683],
            [37.61018, 55.67697],
            [37.61048, 55.67707],
            [37.6109, 55.67714],
            [37.61129, 55.67722],
            [37.61142, 55.67732],
            [37.61152, 55.67752],
            [37.61154, 55.67791],
            [37.61151, 55.6781],
            [37.61148, 55.67833],
            [37.61171, 55.67861],
            [37.61201, 55.67881],
            [37.61236, 55.67896],
            [37.61267, 55.67927],
            [37.61322, 55.67965],
            [37.61378, 55.67999],
            [37.61415, 55.68038],
            [37.61453, 55.68092],
            [37.6147, 55.6816],
            [37.61494, 55.68177],
            [37.61532, 55.68189],
            [37.61588, 55.68188],
            [37.61604, 55.68191],
            [37.61622, 55.68214],
            [37.61678, 55.68286],
            [37.61734, 55.68333],
            [37.61833, 55.68367],
            [37.619, 55.68432],
            [37.61838, 55.6845],
            [37.617, 55.68477],
            [37.6152, 55.68473],
            [37.61421, 55.68459],
            [37.61316, 55.68438],
            [37.6126, 55.68428],
            [37.61208, 55.68418],
            [37.61138, 55.68407],
            [37.61065, 55.68397],
            [37.60991, 55.68388],
            [37.60934, 55.68387],
            [37.60902, 55.68387],
            [37.60861, 55.68389],
            [37.60812, 55.68395],
            [37.60762, 55.68406],
            [37.60717, 55.6842],
            [37.60675, 55.68436],
            [37.60643, 55.68451],
            [37.606, 55.68475],
            [37.60571, 55.68496],
            [37.60548, 55.68519],
            [37.60527, 55.68542],
            [37.60502, 55.6858],
            [37.60495, 55.68605],
            [37.60491, 55.68633],
            [37.60493, 55.68666],
            [37.60498, 55.68698],
            [37.60509, 55.68732],
            [37.60522, 55.68772],
            [37.60529, 55.68807],
            [37.60529, 55.68845],
            [37.60524, 55.68881],
            [37.60517, 55.68901],
            [37.6051, 55.68915],
            [37.60474, 55.68956],
            [37.60449, 55.6898],
            [37.60401, 55.69007],
            [37.60351, 55.69035],
            [37.60374, 55.69052],
            [37.60379, 55.69063],
            [37.60327, 55.69086],
            [37.60261, 55.69122],
            [37.60198, 55.69154],
            [37.60162, 55.69158],
            [37.60131, 55.69178],
            [37.60068, 55.6922],
            [37.60007, 55.69271],
            [37.5996, 55.6931],
            [37.59922, 55.69345],
            [37.59896, 55.69367],
            [37.59806, 55.6944],
            [37.59756, 55.69485],
            [37.5971, 55.69523],
            [37.59673, 55.69557],
            [37.59625, 55.69607],
            [37.59562, 55.69678],
            [37.5949, 55.69761],
            [37.59398, 55.6987],
            [37.59296, 55.69987],
            [37.59097, 55.70219],
            [37.58984, 55.70351],
            [37.58934, 55.70408],
            [37.58902, 55.70444],
            [37.58846, 55.70508],
            [37.58808, 55.70549],
            [37.58782, 55.70578],
            [37.5875, 55.70611],
            [37.58731, 55.70634],
            [37.58747, 55.70643],
            [37.5877, 55.70656],
            [37.58871, 55.70714],
            [37.58536, 55.70881],
            [37.58423, 55.70951],
            [37.5834, 55.71004],
            [37.58213, 55.711],
            [37.58277, 55.71125],
            [37.58398, 55.71103],
            [37.58517, 55.71124],
            [37.58523, 55.71122],
            [37.58538, 55.71116],
            [37.58557, 55.71107],
            [37.58834, 55.7131],
            [37.5879, 55.71331],
            [37.58792, 55.71332],
            [37.58845, 55.71376],
            [37.58798, 55.71394],
            [37.58995, 55.71534],
            [37.5905, 55.71575],
            [37.59069, 55.71569],
            [37.59172, 55.71645],
            [37.59191, 55.71638],
            [37.59267, 55.71687],
            [37.59258, 55.71697],
            [37.59254, 55.71695],
            [37.59247, 55.717],
            [37.5925, 55.71702],
            [37.59167, 55.71746],
            [37.59079, 55.71781],
            [37.5908, 55.71787],
            [37.59139, 55.71835],
            [37.59143, 55.71839],
            [37.59213, 55.71883],
            [37.59223, 55.71943],
            [37.59271, 55.71969],
            [37.59275, 55.71967],
            [37.59282, 55.71965],
            [37.59297, 55.71958],
            [37.59262, 55.71941],
            [37.59256, 55.71915],
            [37.59408, 55.71833],
            [37.59566, 55.71936],
            [37.59599, 55.71956],
            [37.5968, 55.72009],
            [37.59686, 55.72013],
            [37.59724, 55.71996],
            [37.59749, 55.72014],
            [37.59813, 55.71985],
            [37.60038, 55.72135],
            [37.60047, 55.72131],
            [37.6007, 55.72126],
            [37.60144, 55.72106],
            [37.60149, 55.72105],
            [37.60181, 55.72098],
            [37.60227, 55.72089],
            [37.60343, 55.72064],
            [37.60517, 55.72028],
            [37.60531, 55.72025],
            [37.60542, 55.72023],
            [37.60727, 55.71988],
            [37.60905, 55.71955],
            [37.6094, 55.71948],
            [37.60977, 55.72039],
            [37.61017, 55.72143],
            [37.61114, 55.72135],
            [37.612, 55.72127],
            [37.61417, 55.72109],
            [37.61441, 55.721],
            [37.61504, 55.72056],
            [37.61557, 55.72009],
            [37.61567, 55.7201],
            [37.61696, 55.72021],
            [37.61755, 55.72026],
            [37.61777, 55.72028],
            [37.6179, 55.7203],
            [37.62198, 55.72084],
            [37.6224, 55.72088],
            [37.62273, 55.72091],
            [37.62357, 55.72098],
            [37.62382, 55.721],
            [37.6239, 55.72101],
            [37.62556, 55.72117],
            [37.6268, 55.72127],
            [37.6272, 55.72129],
            [37.62759, 55.72134],
            [37.62789, 55.72136],
            [37.63022, 55.72187],
            [37.63112, 55.72208],
            [37.63141, 55.72215],
            [37.63154, 55.72218],
            [37.63307, 55.72259],
            [37.63372, 55.72245],
            [37.63403, 55.72239],
            [37.63439, 55.72231],
            [37.63584, 55.72202],
            [37.63614, 55.72268],
            [37.6364, 55.72335],
            [37.63641, 55.72338],
            [37.63646, 55.72353],
            [37.63661, 55.72352],
            [37.6372, 55.72342],
            [37.63814, 55.72325],
            [37.63836, 55.72321],
            [37.63859, 55.72317],
            [37.63909, 55.72307],
            [37.63978, 55.72289],
            [37.64064, 55.72267],
            [37.64121, 55.7224],
            [37.64173, 55.72216],
            [37.64191, 55.72218],
            [37.64317, 55.72235],
            [37.64377, 55.72243],
            [37.64377, 55.72247],
            [37.64379, 55.72255],
            [37.64399, 55.72348],
            [37.64403, 55.72365],
            [37.64405, 55.72373],
            [37.64406, 55.72379],
            [37.64407, 55.72383],
            [37.64408, 55.72388],
            [37.6441, 55.72402],
            [37.64438, 55.72537],
            [37.64452, 55.72607],
            [37.6449, 55.72794],
            [37.64491, 55.72801],
            [37.64494, 55.72808],
            [37.64556, 55.72889],
            [37.64594, 55.7294],
            [37.64602, 55.7295],
            [37.64637, 55.72941],
            [37.64706, 55.72923],
            [37.64795, 55.72901],
            [37.64824, 55.72894],
            [37.64877, 55.7288],
            [37.6491, 55.72872],
            [37.64996, 55.72851],
            [37.65052, 55.72837],
            [37.65079, 55.72832],
            [37.65112, 55.72826],
            [37.65155, 55.72814],
            [37.65175, 55.72813],
            [37.65203, 55.72821],
            [37.65223, 55.72804],
            [37.65421, 55.72882],
            [37.65577, 55.72762],
            [37.65621, 55.7271],
            [37.65672, 55.72637],
            [37.66027, 55.7266],
            [37.66198, 55.72668],
            [37.6624, 55.72671],
            [37.66268, 55.72673],
            [37.66285, 55.72674],
            [37.66298, 55.72675],
            [37.66313, 55.72676],
            [37.6636, 55.72522],
            [37.66366, 55.72438],
            [37.66368, 55.72307],
            [37.66366, 55.7225],
            [37.66364, 55.72195],
            [37.66361, 55.72069],
            [37.66359, 55.72033],
            [37.66354, 55.71899],
            [37.66361, 55.71843],
            [37.66366, 55.71814],
            [37.66379, 55.71778],
            [37.66508, 55.71374],
            [37.66588, 55.71121],
            [37.66613, 55.71049],
            [37.66626, 55.7101],
            [37.66636, 55.7098],
            [37.66729, 55.70695],
            [37.66743, 55.70657],
            [37.66781, 55.70528],
            [37.66756, 55.70314],
            [37.66735, 55.70127],
            [37.66729, 55.70074],
            [37.67095, 55.7005],
            [37.67293, 55.69968],
            [37.67449, 55.69851],
            [37.67901, 55.69819],
            [37.68465, 55.69737],
            [37.68851, 55.69658],
            [37.69478, 55.69535],
            [37.70757, 55.69327],
            [37.71212, 55.68846],
            [37.71238, 55.68466],
            [37.71195, 55.68132],
            [37.70793, 55.6791],
            [37.70724, 55.6788],
            [37.70476, 55.67736],
            [37.70034, 55.67589],
            [37.69735, 55.67506],
            [37.6927, 55.67378],
            [37.69075, 55.67324],
            [37.6874, 55.67116],
            [37.68242, 55.67062],
            [37.67813, 55.66905],
            [37.67504, 55.66765],
            [37.67324, 55.66511],
            [37.67238, 55.66198],
            [37.6716, 55.65636],
            [37.67152, 55.65578],
            [37.67165, 55.65435],
            [37.67259, 55.65321],
            [37.67457, 55.65176],
            [37.67804, 55.64994],
            [37.68895, 55.64522],
            [37.69291, 55.64383],
            [37.69448, 55.64328],
            [37.69942, 55.64212],
            [37.71328, 55.63946],
            [37.72647, 55.64062],
            [37.72903, 55.64085],
            [37.7295, 55.64089],
            [37.74538, 55.6399],
            [37.74959, 55.64063],
            [37.7662, 55.64545],
            [37.76692, 55.64562],
            [37.7798, 55.64874],
            [37.78345, 55.64855],
            [37.78534, 55.64733],
            [37.78551, 55.64511],
            [37.78383, 55.64259],
            [37.78426, 55.63833],
            [37.78503, 55.63326],
            [37.78671, 55.63026],
            [37.78976, 55.62575],
            [37.79356, 55.62296],
            [37.79213, 55.62217],
            [37.79199, 55.62231],
            [37.78829, 55.62044],
            [37.78836, 55.62038],
            [37.78683, 55.61966],
            [37.78497, 55.61867],
            [37.78484, 55.61874],
            [37.78398, 55.61826],
            [37.78386, 55.61819],
            [37.7838, 55.61811],
            [37.78375, 55.61801],
            [37.78373, 55.61791],
            [37.78377, 55.61777],
            [37.78394, 55.61762],
            [37.78412, 55.61754],
            [37.78434, 55.61745],
            [37.78463, 55.61741],
            [37.7849, 55.61739],
            [37.78517, 55.61737],
            [37.78544, 55.61735],
            [37.78576, 55.61734],
            [37.78606, 55.61732],
            [37.78625, 55.61729],
            [37.78653, 55.61723],
            [37.7867, 55.61714],
            [37.78697, 55.617],
            [37.78717, 55.6169],
            [37.78691, 55.6166],
            [37.78673, 55.6167],
            [37.78628, 55.61677],
            [37.78577, 55.6168],
            [37.78539, 55.61681],
            [37.78505, 55.61682],
            [37.78475, 55.61683],
            [37.78354, 55.61687],
            [37.78331, 55.61689],
            [37.78295, 55.61691],
            [37.78272, 55.61692],
            [37.78261, 55.61692],
            [37.78232, 55.61693],
            [37.78204, 55.61692],
            [37.78179, 55.61691],
            [37.78073, 55.61635],
            [37.78025, 55.6161],
            [37.78013, 55.61616],
            [37.77625, 55.614],
            [37.77131, 55.61127],
            [37.76672, 55.60864],
            [37.76505, 55.60775],
            [37.76303, 55.60661],
            [37.76228, 55.60625],
            [37.76227, 55.60615],
            [37.76109, 55.60552],
            [37.75729, 55.60343],
            [37.75383, 55.6016],
            [37.75073, 55.60021],
            [37.74848, 55.59927],
            [37.74671, 55.59853],
            [37.74118, 55.59621],
            [37.73695, 55.59444],
            [37.73315, 55.59285],
            [37.73299, 55.5927],
            [37.7328, 55.59249],
            [37.73263, 55.59232],
            [37.73255, 55.59213],
            [37.73247, 55.59193],
            [37.7324, 55.59173],
            [37.73231, 55.59151],
            [37.73224, 55.5913],
            [37.73217, 55.5911],
            [37.7321, 55.59091],
            [37.73204, 55.59071],
            [37.73201, 55.59059],
            [37.732, 55.59045],
            [37.73199, 55.59036],
            [37.73199, 55.59026],
            [37.732, 55.59008],
            [37.73204, 55.58993],
            [37.73214, 55.58977],
            [37.73224, 55.58964],
            [37.73232, 55.58954],
            [37.73241, 55.58945],
            [37.73257, 55.58932],
            [37.7328, 55.58917],
            [37.73217, 55.5888],
            [37.73154, 55.5891],
            [37.73128, 55.58922],
            [37.73114, 55.58931],
            [37.73084, 55.58947],
            [37.73063, 55.58956],
            [37.73044, 55.58967],
            [37.73025, 55.58971],
            [37.72886, 55.58988],
            [37.72837, 55.58993],
            [37.72697, 55.59008],
            [37.72635, 55.59007],
            [37.72527, 55.58962],
            [37.7245, 55.58931],
            [37.72405, 55.58913],
            [37.71966, 55.58733],
            [37.71616, 55.586],
            [37.716, 55.58589],
            [37.71555, 55.58574],
            [37.71295, 55.5848],
            [37.71138, 55.58424],
            [37.71011, 55.58377],
            [37.70824, 55.58309],
            [37.70752, 55.58282],
            [37.70622, 55.58233],
            [37.70464, 55.58175],
            [37.70475, 55.58166],
            [37.70331, 55.58111],
            [37.70317, 55.58124],
            [37.70093, 55.5804],
            [37.70106, 55.58027],
            [37.7003, 55.57999],
            [37.6994, 55.57968],
            [37.69905, 55.57955],
            [37.69644, 55.57855],
            [37.69269, 55.57716],
            [37.69256, 55.57712],
            [37.69224, 55.57687],
            [37.69209, 55.57675],
            [37.69191, 55.57661],
            [37.69179, 55.57641],
            [37.69176, 55.57619],
            [37.69168, 55.57599],
            [37.69164, 55.57581],
            [37.6916, 55.57565],
            [37.69156, 55.5755],
            [37.69151, 55.57532],
            [37.69147, 55.5751],
            [37.69142, 55.57494],
            [37.69138, 55.57478],
            [37.69138, 55.57464],
            [37.69137, 55.57444],
            [37.69136, 55.57426],
            [37.69141, 55.5741],
            [37.69145, 55.57392],
            [37.69148, 55.57379],
            [37.69152, 55.57368],
            [37.69155, 55.57359],
            [37.69159, 55.5734],
            [37.6916, 55.57324],
            [37.69165, 55.57313],
            [37.69172, 55.57295],
            [37.69175, 55.57282],
            [37.69092, 55.57232],
            [37.69078, 55.57248],
            [37.69065, 55.57267],
            [37.69051, 55.57284],
            [37.69043, 55.57293],
            [37.69027, 55.57302],
            [37.68994, 55.57319],
            [37.68964, 55.57329],
            [37.68945, 55.57338],
            [37.68916, 55.57348],
            [37.68875, 55.57358],
            [37.68841, 55.57366],
            [37.68815, 55.57372],
            [37.68768, 55.5738],
            [37.68739, 55.57386],
            [37.68694, 55.57393],
            [37.68649, 55.574],
            [37.68585, 55.57409],
            [37.68554, 55.57411],
            [37.68518, 55.57412],
            [37.6849, 55.57409],
            [37.68457, 55.57405],
            [37.68308, 55.57367],
            [37.68073, 55.57292],
            [37.67605, 55.57209],
            [37.67071, 55.57155],
            [37.66636, 55.57152],
            [37.66436, 55.57162],
            [37.66343, 55.57166],
            [37.65905, 55.57192],
            [37.65687, 55.57212],
            [37.65579, 55.57218],
            [37.65454, 55.57225],
            [37.6539, 55.57229],
            [37.65316, 55.57208],
            [37.65283, 55.572],
            [37.65265, 55.572],
            [37.65228, 55.572],
            [37.65179, 55.572],
            [37.65156, 55.57199],
            [37.65127, 55.57198],
            [37.65113, 55.57196],
            [37.65098, 55.57192],
            [37.65086, 55.57184],
            [37.65075, 55.57173],
            [37.65049, 55.57183],
            [37.65053, 55.57192],
            [37.65056, 55.57201],
            [37.65048, 55.57216],
            [37.65035, 55.57229],
            [37.65024, 55.57234],
            [37.65, 55.57242],
            [37.64966, 55.57248],
            [37.64567, 55.57271],
            [37.64244, 55.57291],
            [37.63777, 55.57318],
            [37.63503, 55.57334],
            [37.63504, 55.57345],
            [37.6329, 55.57353],
            [37.63293, 55.57346],
            [37.63073, 55.57359],
            [37.63078, 55.57362],
            [37.6285, 55.57376],
            [37.62843, 55.57372],
            [37.62331, 55.57402],
            [37.61785, 55.57436],
            [37.61313, 55.57463],
            [37.61109, 55.57474],
            [37.60649, 55.575],
            [37.60554, 55.57506],
            [37.60549, 55.57505],
            [37.60504, 55.57489],
            [37.60473, 55.57476],
            [37.60443, 55.5746],
            [37.60445, 55.57458],
            [37.60416, 55.57442],
            [37.60411, 55.57443],
            [37.60408, 55.57448],
            [37.60418, 55.57476],
            [37.60405, 55.57484],
            [37.60396, 55.57497],
            [37.60383, 55.5751],
            [37.60368, 55.57521],
            [37.60319, 55.57523],
            [37.60032, 55.57537],
            [37.5994, 55.5749],
            [37.59849, 55.57443],
            [37.59832, 55.57432],
            [37.59796, 55.57403],
            [37.59786, 55.57394],
            [37.5978, 55.57388],
            [37.59779, 55.57381],
            [37.59779, 55.57378],
            [37.5978, 55.57373],
            [37.59786, 55.57351],
            [37.59795, 55.57329],
            [37.59809, 55.57288],
            [37.59815, 55.57276],
            [37.59819, 55.57267],
            [37.59828, 55.57252],
            [37.59838, 55.57236],
            [37.59851, 55.57219],
            [37.59947, 55.57143],
            [37.59996, 55.57101],
            [37.6002, 55.5707],
            [37.60056, 55.57074],
            [37.6006, 55.57057],
            [37.60062, 55.57018],
            [37.60085, 55.56967],
            [37.60098, 55.56909],
            [37.6011, 55.56842],
            [37.60167, 55.56723],
            [37.60229, 55.56637],
            [37.5984, 55.56661],
            [37.59747, 55.56687],
            [37.59755, 55.56789],
            [37.5972, 55.56908],
            [37.59499, 55.57178],
            [37.5941, 55.57293],
            [37.5937, 55.57354],
            [37.59283, 55.57466],
            [37.59253, 55.57504],
            [37.59224, 55.5754],
            [37.5921, 55.57555],
            [37.59185, 55.57577],
            [37.59152, 55.57608],
            [37.59121, 55.57625],
            [37.59009, 55.5769],
            [37.58666, 55.5777],
            [37.57814, 55.57973],
            [37.57294, 55.58097],
            [37.57358, 55.5815],
            [37.57374, 55.5817],
            [37.57383, 55.58188],
            [37.57383, 55.58204],
            [37.57368, 55.58221],
            [37.5755, 55.58392],
            [37.57748, 55.58635],
            [37.57748, 55.58699],
            [37.57707, 55.58722],
            [37.57706, 55.58744],
            [37.57679, 55.58787],
            [37.57692, 55.58807],
            [37.57686, 55.58931],
            [37.57698, 55.58987],
            [37.57692, 55.59025],
            [37.577, 55.59086],
            [37.57715, 55.59125],
            [37.57714, 55.5917],
            [37.57741, 55.59208],
            [37.57753, 55.59241],
            [37.57787, 55.59316],
            [37.57791, 55.59363],
            [37.57818, 55.59421],
            [37.57837, 55.59482],
            [37.57859, 55.59522],
            [37.57897, 55.59591],
            [37.58024, 55.59581],
            [37.5802, 55.5969],
            [37.58057, 55.59776],
            [37.57666, 55.59787],
            [37.57643, 55.59815],
            [37.57649, 55.59865],
            [37.57671, 55.59929],
            [37.57704, 55.59952],
            [37.57751, 55.60003],
            [37.57722, 55.59951],
            [37.57736, 55.59938],
            [37.57774, 55.59936],
            [37.57803, 55.59948],
            [37.57845, 55.59924],
            [37.57878, 55.59967],
            [37.57934, 55.59969],
            [37.57912, 55.59987],
            [37.57824, 55.59982],
            [37.57825, 55.60003],
            [37.57868, 55.6],
            [37.57911, 55.60018],
            [37.57877, 55.60035],
            [37.57909, 55.60082],
            [37.57802, 55.60028],
            [37.57802, 55.60016],
            [37.57789, 55.60006],
            [37.57767, 55.60017],
            [37.57888, 55.60085],
            [37.5793, 55.60103],
            [37.58177, 55.60349],
            [37.58156, 55.60437],
            [37.57782, 55.60437],
            [37.57576, 55.60626],
            [37.5749, 55.6066],
            [37.57399, 55.60665],
            [37.57362, 55.60595],
            [37.57187, 55.60599],
            [37.5713, 55.60672],
            [37.57014, 55.60715],
            [37.5699, 55.60724],
            [37.56991, 55.60737],
            [37.56997, 55.60753],
            [37.56985, 55.60756],
            [37.56988, 55.60772],
            [37.5698, 55.60807]
          ]
        ]
      }
    },
    {
      "type": "Feature",
      "properties": {
        "name": "Юго-Западный",
        "color": "#FFB347",
        "value": "6"
      },
      "geometry": {
        "type": "Polygon",
        "coordinates": [
          [
            [37.45572, 55.63705],
            [37.46372, 55.6407],
            [37.4782, 55.64751],
            [37.48247, 55.64946],
            [37.48263, 55.64954],
            [37.49561, 55.65563],
            [37.50165, 55.65852],
            [37.50654, 55.66178],
            [37.50896, 55.66338],
            [37.52009, 55.67088],
            [37.52414, 55.67367],
            [37.524, 55.67372],
            [37.5237, 55.67385],
            [37.51882, 55.67611],
            [37.51427, 55.67828],
            [37.51213, 55.67944],
            [37.51166, 55.67973],
            [37.53005, 55.68993],
            [37.53575, 55.6931],
            [37.53657, 55.69356],
            [37.54631, 55.70075],
            [37.55415, 55.70653],
            [37.55702, 55.70861],
            [37.55923, 55.71028],
            [37.561, 55.71034],
            [37.5654, 55.71076],
            [37.56961, 55.71162],
            [37.57493, 55.71312],
            [37.57761, 55.71421],
            [37.57942, 55.71296],
            [37.58164, 55.71135],
            [37.58213, 55.711],
            [37.5834, 55.71004],
            [37.58423, 55.70951],
            [37.58536, 55.70881],
            [37.58871, 55.70714],
            [37.5877, 55.70656],
            [37.58747, 55.70643],
            [37.58731, 55.70634],
            [37.5875, 55.70611],
            [37.58782, 55.70578],
            [37.58808, 55.70549],
            [37.58846, 55.70508],
            [37.58902, 55.70444],
            [37.58934, 55.70408],
            [37.58984, 55.70351],
            [37.59097, 55.70219],
            [37.59296, 55.69987],
            [37.59398, 55.6987],
            [37.5949, 55.69761],
            [37.59562, 55.69678],
            [37.59625, 55.69607],
            [37.59673, 55.69557],
            [37.5971, 55.69523],
            [37.59756, 55.69485],
            [37.59806, 55.6944],
            [37.59896, 55.69367],
            [37.59922, 55.69345],
            [37.5996, 55.6931],
            [37.60007, 55.69271],
            [37.60068, 55.6922],
            [37.60131, 55.69178],
            [37.60162, 55.69158],
            [37.60198, 55.69154],
            [37.60261, 55.69122],
            [37.60327, 55.69086],
            [37.60379, 55.69063],
            [37.60374, 55.69052],
            [37.60351, 55.69035],
            [37.60401, 55.69007],
            [37.60449, 55.6898],
            [37.60474, 55.68956],
            [37.6051, 55.68915],
            [37.60517, 55.68901],
            [37.60524, 55.68881],
            [37.60529, 55.68845],
            [37.60529, 55.68807],
            [37.60522, 55.68772],
            [37.60509, 55.68732],
            [37.60498, 55.68698],
            [37.60493, 55.68666],
            [37.60491, 55.68633],
            [37.60495, 55.68605],
            [37.60502, 55.6858],
            [37.60527, 55.68542],
            [37.60548, 55.68519],
            [37.60571, 55.68496],
            [37.606, 55.68475],
            [37.60643, 55.68451],
            [37.60675, 55.68436],
            [37.60717, 55.6842],
            [37.60762, 55.68406],
            [37.60812, 55.68395],
            [37.60861, 55.68389],
            [37.60902, 55.68387],
            [37.60934, 55.68387],
            [37.60991, 55.68388],
            [37.61065, 55.68397],
            [37.61138, 55.68407],
            [37.61208, 55.68418],
            [37.6126, 55.68428],
            [37.61316, 55.68438],
            [37.61421, 55.68459],
            [37.6152, 55.68473],
            [37.617, 55.68477],
            [37.61838, 55.6845],
            [37.619, 55.68432],
            [37.61833, 55.68367],
            [37.61734, 55.68333],
            [37.61678, 55.68286],
            [37.61622, 55.68214],
            [37.61604, 55.68191],
            [37.61588, 55.68188],
            [37.61532, 55.68189],
            [37.61494, 55.68177],
            [37.6147, 55.6816],
            [37.61453, 55.68092],
            [37.61415, 55.68038],
            [37.61378, 55.67999],
            [37.61322, 55.67965],
            [37.61267, 55.67927],
            [37.61236, 55.67896],
            [37.61201, 55.67881],
            [37.61171, 55.67861],
            [37.61148, 55.67833],
            [37.61151, 55.6781],
            [37.61154, 55.67791],
            [37.61152, 55.67752],
            [37.61142, 55.67732],
            [37.61129, 55.67722],
            [37.6109, 55.67714],
            [37.61048, 55.67707],
            [37.61018, 55.67697],
            [37.61003, 55.67683],
            [37.60986, 55.67667],
            [37.60951, 55.67656],
            [37.60938, 55.67649],
            [37.60925, 55.67644],
            [37.60912, 55.67641],
            [37.60893, 55.67592],
            [37.60889, 55.67556],
            [37.60875, 55.67542],
            [37.60838, 55.67523],
            [37.6081, 55.67496],
            [37.60774, 55.67471],
            [37.60738, 55.67467],
            [37.60737, 55.67449],
            [37.60728, 55.67417],
            [37.60691, 55.67387],
            [37.6061, 55.67322],
            [37.60584, 55.67285],
            [37.60593, 55.67245],
            [37.60565, 55.67206],
            [37.60623, 55.6717],
            [37.6061, 55.67039],
            [37.60628, 55.66886],
            [37.60685, 55.66828],
            [37.61164, 55.66613],
            [37.6111, 55.66551],
            [37.611, 55.66539],
            [37.61092, 55.6653],
            [37.61064, 55.66496],
            [37.6097, 55.66522],
            [37.60909, 55.66512],
            [37.60812, 55.66447],
            [37.60771, 55.66428],
            [37.60765, 55.66408],
            [37.61357, 55.66348],
            [37.6135, 55.66341],
            [37.6134, 55.66333],
            [37.61316, 55.66313],
            [37.61302, 55.663],
            [37.61287, 55.66288],
            [37.61137, 55.6616],
            [37.61054, 55.6609],
            [37.61041, 55.66081],
            [37.61024, 55.66068],
            [37.60996, 55.66045],
            [37.60812, 55.65895],
            [37.60806, 55.6589],
            [37.60692, 55.65792],
            [37.60587, 55.65703],
            [37.60567, 55.65681],
            [37.60549, 55.65658],
            [37.60547, 55.65653],
            [37.60545, 55.65645],
            [37.60545, 55.65622],
            [37.60544, 55.65606],
            [37.60546, 55.65479],
            [37.60549, 55.65373],
            [37.6055, 55.65363],
            [37.6055, 55.65337],
            [37.6055, 55.65304],
            [37.6055, 55.65292],
            [37.60553, 55.65107],
            [37.60558, 55.64902],
            [37.60559, 55.64862],
            [37.60562, 55.64739],
            [37.60559, 55.64561],
            [37.60559, 55.6455],
            [37.60559, 55.64538],
            [37.60559, 55.6452],
            [37.60558, 55.64482],
            [37.60559, 55.64448],
            [37.60565, 55.64334],
            [37.60573, 55.64133],
            [37.59482, 55.64195],
            [37.59451, 55.64196],
            [37.59168, 55.64219],
            [37.59022, 55.6424],
            [37.58942, 55.64258],
            [37.58659, 55.64343],
            [37.58267, 55.64463],
            [37.58039, 55.64533],
            [37.58037, 55.64511],
            [37.58034, 55.64491],
            [37.58004, 55.64493],
            [37.58003, 55.64481],
            [37.57996, 55.64437],
            [37.57993, 55.64379],
            [37.57936, 55.64362],
            [37.57929, 55.6428],
            [37.58071, 55.64233],
            [37.582, 55.64122],
            [37.58191, 55.64099],
            [37.58192, 55.6409],
            [37.58126, 55.6409],
            [37.58162, 55.63997],
            [37.582, 55.63982],
            [37.58212, 55.63973],
            [37.58216, 55.63965],
            [37.58206, 55.63954],
            [37.58162, 55.63948],
            [37.58145, 55.63949],
            [37.58149, 55.63896],
            [37.58221, 55.63855],
            [37.58221, 55.63854],
            [37.58167, 55.6372],
            [37.58167, 55.6372],
            [37.5811, 55.63728],
            [37.58083, 55.63681],
            [37.58062, 55.63677],
            [37.58053, 55.63659],
            [37.58032, 55.63657],
            [37.57984, 55.63602],
            [37.58059, 55.63591],
            [37.58016, 55.63556],
            [37.57928, 55.63578],
            [37.57914, 55.63566],
            [37.57921, 55.63555],
            [37.57906, 55.63541],
            [37.5788, 55.63536],
            [37.57814, 55.63474],
            [37.57778, 55.6347],
            [37.57757, 55.63445],
            [37.57741, 55.63436],
            [37.57727, 55.63268],
            [37.58382, 55.63147],
            [37.58524, 55.63149],
            [37.5858, 55.63142],
            [37.58598, 55.63117],
            [37.5858, 55.63062],
            [37.58551, 55.63002],
            [37.5854, 55.6298],
            [37.58526, 55.62954],
            [37.58528, 55.6294],
            [37.58515, 55.6292],
            [37.58459, 55.62897],
            [37.58413, 55.62867],
            [37.58422, 55.62843],
            [37.58435, 55.62856],
            [37.58467, 55.62848],
            [37.58484, 55.62877],
            [37.58503, 55.62872],
            [37.58492, 55.62835],
            [37.58474, 55.62793],
            [37.58445, 55.628],
            [37.58409, 55.62799],
            [37.58403, 55.62778],
            [37.58419, 55.62758],
            [37.58435, 55.62764],
            [37.58463, 55.62774],
            [37.58468, 55.6277],
            [37.58435, 55.62668],
            [37.58421, 55.62669],
            [37.58404, 55.62689],
            [37.58382, 55.62691],
            [37.58364, 55.62633],
            [37.58345, 55.62628],
            [37.58324, 55.62623],
            [37.58289, 55.6254],
            [37.58278, 55.62517],
            [37.58242, 55.6248],
            [37.58203, 55.62458],
            [37.58235, 55.62436],
            [37.58199, 55.62425],
            [37.58139, 55.62407],
            [37.58178, 55.62385],
            [37.58193, 55.62364],
            [37.58172, 55.62339],
            [37.58188, 55.62335],
            [37.58183, 55.62325],
            [37.58154, 55.62304],
            [37.58166, 55.62292],
            [37.58222, 55.62333],
            [37.58263, 55.62324],
            [37.58126, 55.62223],
            [37.58054, 55.62179],
            [37.58029, 55.62178],
            [37.58011, 55.6217],
            [37.57991, 55.62174],
            [37.57967, 55.62185],
            [37.57967, 55.62194],
            [37.57917, 55.62211],
            [37.57888, 55.62212],
            [37.57871, 55.62224],
            [37.57838, 55.62221],
            [37.57831, 55.62205],
            [37.57884, 55.62175],
            [37.57859, 55.62177],
            [37.57808, 55.62191],
            [37.57793, 55.62174],
            [37.57692, 55.62196],
            [37.5764, 55.62176],
            [37.57595, 55.62142],
            [37.57556, 55.62102],
            [37.57506, 55.62054],
            [37.57475, 55.62005],
            [37.57499, 55.61982],
            [37.57568, 55.61968],
            [37.57698, 55.61931],
            [37.57732, 55.61926],
            [37.57755, 55.61925],
            [37.57789, 55.61935],
            [37.57889, 55.62009],
            [37.57952, 55.61983],
            [37.5805, 55.61939],
            [37.58042, 55.61933],
            [37.57942, 55.61969],
            [37.57846, 55.61876],
            [37.57593, 55.61551],
            [37.57769, 55.61486],
            [37.57809, 55.61476],
            [37.57779, 55.61453],
            [37.57753, 55.61433],
            [37.57463, 55.61323],
            [37.5752, 55.61263],
            [37.57568, 55.61179],
            [37.57558, 55.61098],
            [37.57469, 55.60882],
            [37.57424, 55.60869],
            [37.57362, 55.60836],
            [37.57329, 55.60831],
            [37.57199, 55.60831],
            [37.57171, 55.60838],
            [37.57095, 55.60851],
            [37.56992, 55.60847],
            [37.5698, 55.60807],
            [37.56988, 55.60772],
            [37.56985, 55.60756],
            [37.56997, 55.60753],
            [37.56991, 55.60737],
            [37.5699, 55.60724],
            [37.57014, 55.60715],
            [37.5713, 55.60672],
            [37.57187, 55.60599],
            [37.57362, 55.60595],
            [37.57399, 55.60665],
            [37.5749, 55.6066],
            [37.57576, 55.60626],
            [37.57782, 55.60437],
            [37.58156, 55.60437],
            [37.58177, 55.60349],
            [37.5793, 55.60103],
            [37.57888, 55.60085],
            [37.57767, 55.60017],
            [37.57789, 55.60006],
            [37.57802, 55.60016],
            [37.57802, 55.60028],
            [37.57909, 55.60082],
            [37.57877, 55.60035],
            [37.57911, 55.60018],
            [37.57868, 55.6],
            [37.57825, 55.60003],
            [37.57824, 55.59982],
            [37.57912, 55.59987],
            [37.57934, 55.59969],
            [37.57878, 55.59967],
            [37.57845, 55.59924],
            [37.57803, 55.59948],
            [37.57774, 55.59936],
            [37.57736, 55.59938],
            [37.57722, 55.59951],
            [37.57751, 55.60003],
            [37.57704, 55.59952],
            [37.57671, 55.59929],
            [37.57649, 55.59865],
            [37.57643, 55.59815],
            [37.57666, 55.59787],
            [37.58057, 55.59776],
            [37.5802, 55.5969],
            [37.58024, 55.59581],
            [37.57897, 55.59591],
            [37.57859, 55.59522],
            [37.57837, 55.59482],
            [37.57818, 55.59421],
            [37.57791, 55.59363],
            [37.57787, 55.59316],
            [37.57753, 55.59241],
            [37.57741, 55.59208],
            [37.57714, 55.5917],
            [37.57715, 55.59125],
            [37.577, 55.59086],
            [37.57692, 55.59025],
            [37.57698, 55.58987],
            [37.57686, 55.58931],
            [37.57692, 55.58807],
            [37.57679, 55.58787],
            [37.57706, 55.58744],
            [37.57707, 55.58722],
            [37.57748, 55.58699],
            [37.57748, 55.58635],
            [37.5755, 55.58392],
            [37.57368, 55.58221],
            [37.57383, 55.58204],
            [37.57383, 55.58188],
            [37.57374, 55.5817],
            [37.57358, 55.5815],
            [37.57294, 55.58097],
            [37.57814, 55.57973],
            [37.58666, 55.5777],
            [37.59009, 55.5769],
            [37.59121, 55.57625],
            [37.59152, 55.57608],
            [37.59185, 55.57577],
            [37.5921, 55.57555],
            [37.59224, 55.5754],
            [37.59253, 55.57504],
            [37.59283, 55.57466],
            [37.5937, 55.57354],
            [37.5941, 55.57293],
            [37.59499, 55.57178],
            [37.5972, 55.56908],
            [37.59755, 55.56789],
            [37.59747, 55.56687],
            [37.5984, 55.56661],
            [37.60229, 55.56637],
            [37.60358, 55.56456],
            [37.60214, 55.56389],
            [37.60088, 55.56328],
            [37.60037, 55.56311],
            [37.59884, 55.56271],
            [37.59618, 55.56176],
            [37.59335, 55.56025],
            [37.58945, 55.55768],
            [37.5893, 55.5572],
            [37.58821, 55.55369],
            [37.58749, 55.55135],
            [37.58715, 55.55022],
            [37.58595, 55.54626],
            [37.58584, 55.54627],
            [37.58566, 55.54575],
            [37.58553, 55.54555],
            [37.58545, 55.54534],
            [37.58523, 55.54459],
            [37.58452, 55.54206],
            [37.58462, 55.54206],
            [37.58332, 55.53786],
            [37.58392, 55.5372],
            [37.58364, 55.53651],
            [37.58252, 55.53267],
            [37.5819, 55.53061],
            [37.5807, 55.52767],
            [37.5803, 55.52769],
            [37.57997, 55.52663],
            [37.57996, 55.52656],
            [37.57994, 55.52624],
            [37.5785, 55.52168],
            [37.57913, 55.52135],
            [37.58225, 55.51974],
            [37.58552, 55.518],
            [37.5858, 55.51713],
            [37.5887, 55.51553],
            [37.58971, 55.51401],
            [37.59055, 55.51341],
            [37.59183, 55.51249],
            [37.59267, 55.51189],
            [37.59264, 55.51161],
            [37.59319, 55.5115],
            [37.59781, 55.50865],
            [37.59872, 55.50813],
            [37.59859, 55.50762],
            [37.59775, 55.50613],
            [37.59665, 55.50542],
            [37.59889, 55.50438],
            [37.60454, 55.50242],
            [37.60299, 55.50104],
            [37.60255, 55.50045],
            [37.6041, 55.49906],
            [37.60415, 55.49871],
            [37.60278, 55.49811],
            [37.6, 55.49683],
            [37.60023, 55.49575],
            [37.59868, 55.49502],
            [37.597, 55.49423],
            [37.59529, 55.49318],
            [37.59386, 55.49301],
            [37.59367, 55.49305],
            [37.5925, 55.49422],
            [37.59028, 55.49339],
            [37.59122, 55.49241],
            [37.59134, 55.49131],
            [37.58402, 55.49428],
            [37.57991, 55.49593],
            [37.5793, 55.49619],
            [37.57927, 55.49619],
            [37.5792, 55.4962],
            [37.57914, 55.4962],
            [37.57905, 55.4962],
            [37.57895, 55.4962],
            [37.57884, 55.49621],
            [37.57872, 55.49623],
            [37.57863, 55.49625],
            [37.57853, 55.49628],
            [37.57844, 55.49632],
            [37.57734, 55.49681],
            [37.57419, 55.49815],
            [37.57404, 55.49821],
            [37.57384, 55.49829],
            [37.5737, 55.49836],
            [37.5736, 55.49842],
            [37.57349, 55.49849],
            [37.57344, 55.49853],
            [37.5734, 55.49857],
            [37.57336, 55.49861],
            [37.57332, 55.49865],
            [37.57328, 55.49868],
            [37.57322, 55.49875],
            [37.57319, 55.49879],
            [37.57316, 55.49884],
            [37.57313, 55.49888],
            [37.57311, 55.49893],
            [37.57308, 55.49899],
            [37.57306, 55.49905],
            [37.57218, 55.49914],
            [37.57181, 55.50005],
            [37.57713, 55.5172],
            [37.57429, 55.51701],
            [37.57052, 55.51679],
            [37.56769, 55.51668],
            [37.56618, 55.51708],
            [37.56688, 55.52029],
            [37.56536, 55.52044],
            [37.56478, 55.51841],
            [37.5641, 55.51849],
            [37.56409, 55.51848],
            [37.56297, 55.51698],
            [37.56144, 55.51568],
            [37.56096, 55.5152],
            [37.56064, 55.51524],
            [37.55862, 55.5142],
            [37.55814, 55.51395],
            [37.55634, 55.5135],
            [37.55615, 55.51343],
            [37.5553, 55.51322],
            [37.55527, 55.51328],
            [37.55507, 55.51324],
            [37.55505, 55.51326],
            [37.55494, 55.51323],
            [37.55494, 55.51322],
            [37.55476, 55.51317],
            [37.55479, 55.5131],
            [37.55299, 55.51285],
            [37.55159, 55.51266],
            [37.55133, 55.51264],
            [37.55083, 55.51265],
            [37.54703, 55.51272],
            [37.5469, 55.51199],
            [37.55011, 55.51065],
            [37.55313, 55.50986],
            [37.55365, 55.50973],
            [37.55396, 55.50967],
            [37.55375, 55.50921],
            [37.55257, 55.50552],
            [37.55131, 55.50564],
            [37.5481, 55.50594],
            [37.54766, 55.50456],
            [37.5467, 55.50465],
            [37.54657, 55.50425],
            [37.54375, 55.50446],
            [37.54233, 55.50456],
            [37.54177, 55.50379],
            [37.54099, 55.50387],
            [37.53979, 55.50438],
            [37.53404, 55.50579],
            [37.53259, 55.50284],
            [37.52976, 55.50391],
            [37.53004, 55.50638],
            [37.53022, 55.50759],
            [37.53029, 55.50816],
            [37.53225, 55.50829],
            [37.53421, 55.50835],
            [37.53438, 55.50835],
            [37.53505, 55.50833],
            [37.53533, 55.50908],
            [37.53568, 55.50955],
            [37.5364, 55.51117],
            [37.5371, 55.51144],
            [37.53816, 55.512],
            [37.53845, 55.51213],
            [37.53915, 55.51216],
            [37.53993, 55.51351],
            [37.53955, 55.51359],
            [37.53957, 55.51368],
            [37.53899, 55.51404],
            [37.53904, 55.51413],
            [37.53809, 55.51504],
            [37.53717, 55.51546],
            [37.53661, 55.51566],
            [37.5362, 55.516],
            [37.53632, 55.51633],
            [37.53617, 55.51678],
            [37.53549, 55.51755],
            [37.53512, 55.51796],
            [37.53265, 55.51876],
            [37.52958, 55.52055],
            [37.5275, 55.52119],
            [37.52281, 55.52163],
            [37.5223, 55.52185],
            [37.52011, 55.52248],
            [37.52021, 55.5238],
            [37.5202, 55.52387],
            [37.52019, 55.5239],
            [37.52017, 55.52394],
            [37.52013, 55.52396],
            [37.52011, 55.52398],
            [37.5201, 55.524],
            [37.52009, 55.52403],
            [37.52011, 55.52411],
            [37.5201, 55.52413],
            [37.52009, 55.52415],
            [37.52007, 55.52418],
            [37.52003, 55.52423],
            [37.51996, 55.52429],
            [37.51993, 55.52433],
            [37.51993, 55.52435],
            [37.5199, 55.52443],
            [37.51989, 55.52445],
            [37.51988, 55.52446],
            [37.51979, 55.52452],
            [37.51977, 55.52453],
            [37.51976, 55.52454],
            [37.51975, 55.52456],
            [37.51971, 55.52458],
            [37.51968, 55.52462],
            [37.51966, 55.52467],
            [37.51965, 55.5247],
            [37.51965, 55.52474],
            [37.51965, 55.52474],
            [37.51965, 55.52476],
            [37.51964, 55.52479],
            [37.51959, 55.52484],
            [37.51949, 55.52495],
            [37.51947, 55.52496],
            [37.51945, 55.52498],
            [37.51943, 55.52498],
            [37.51941, 55.52499],
            [37.5194, 55.52499],
            [37.5194, 55.52503],
            [37.51939, 55.52508],
            [37.51943, 55.5252],
            [37.51942, 55.52524],
            [37.5194, 55.5253],
            [37.51941, 55.52536],
            [37.5194, 55.52546],
            [37.51939, 55.52548],
            [37.51939, 55.52549],
            [37.51937, 55.5255],
            [37.51934, 55.5255],
            [37.5193, 55.52549],
            [37.51925, 55.52548],
            [37.51922, 55.52547],
            [37.51919, 55.52544],
            [37.51917, 55.5254],
            [37.51916, 55.52535],
            [37.51916, 55.52531],
            [37.51918, 55.52528],
            [37.51919, 55.52524],
            [37.51918, 55.52521],
            [37.51915, 55.52517],
            [37.51911, 55.52514],
            [37.51907, 55.52514],
            [37.51904, 55.52515],
            [37.51898, 55.52517],
            [37.51893, 55.52519],
            [37.51886, 55.5252],
            [37.51881, 55.52522],
            [37.51878, 55.52522],
            [37.51876, 55.52521],
            [37.51874, 55.52521],
            [37.51873, 55.52521],
            [37.51872, 55.52522],
            [37.51871, 55.52525],
            [37.51869, 55.52527],
            [37.51867, 55.5253],
            [37.51867, 55.52532],
            [37.51868, 55.52537],
            [37.51868, 55.52541],
            [37.51867, 55.52543],
            [37.51864, 55.52544],
            [37.51859, 55.52543],
            [37.51855, 55.52543],
            [37.51853, 55.52541],
            [37.51851, 55.52539],
            [37.51848, 55.52537],
            [37.51846, 55.52536],
            [37.51844, 55.52536],
            [37.51842, 55.52537],
            [37.51837, 55.52539],
            [37.51829, 55.52542],
            [37.51821, 55.52546],
            [37.51814, 55.52549],
            [37.51811, 55.5255],
            [37.5181, 55.5255],
            [37.51808, 55.5255],
            [37.51807, 55.52549],
            [37.51804, 55.52548],
            [37.51799, 55.52546],
            [37.51796, 55.52545],
            [37.51794, 55.52543],
            [37.51793, 55.52541],
            [37.51792, 55.52538],
            [37.5179, 55.52536],
            [37.51788, 55.52535],
            [37.51785, 55.52534],
            [37.51782, 55.52535],
            [37.51779, 55.52536],
            [37.51776, 55.52536],
            [37.51771, 55.52538],
            [37.51768, 55.5254],
            [37.51765, 55.52542],
            [37.51755, 55.52549],
            [37.5175, 55.5255],
            [37.51745, 55.52551],
            [37.5174, 55.5255],
            [37.51735, 55.52548],
            [37.51733, 55.52547],
            [37.51732, 55.52547],
            [37.5173, 55.52548],
            [37.51728, 55.52549],
            [37.51727, 55.52551],
            [37.51726, 55.52554],
            [37.51724, 55.52556],
            [37.51723, 55.52558],
            [37.51719, 55.5256],
            [37.51715, 55.52561],
            [37.5171, 55.52563],
            [37.51703, 55.52564],
            [37.51697, 55.52565],
            [37.51694, 55.52566],
            [37.5169, 55.52567],
            [37.51687, 55.52569],
            [37.51684, 55.52569],
            [37.51681, 55.52568],
            [37.51676, 55.52566],
            [37.51674, 55.52566],
            [37.5167, 55.52566],
            [37.51664, 55.52568],
            [37.5166, 55.52569],
            [37.51657, 55.5257],
            [37.51657, 55.52571],
            [37.51657, 55.52573],
            [37.5166, 55.52574],
            [37.51664, 55.52576],
            [37.51669, 55.52578],
            [37.51671, 55.5258],
            [37.51672, 55.52581],
            [37.51671, 55.52583],
            [37.51669, 55.52584],
            [37.51666, 55.52584],
            [37.51665, 55.52585],
            [37.51662, 55.52585],
            [37.51656, 55.52586],
            [37.5165, 55.52586],
            [37.51644, 55.52586],
            [37.51639, 55.52586],
            [37.51634, 55.52587],
            [37.51632, 55.52587],
            [37.51629, 55.52588],
            [37.51626, 55.52588],
            [37.51619, 55.52588],
            [37.51611, 55.52588],
            [37.51607, 55.52588],
            [37.516, 55.52588],
            [37.51583, 55.52585],
            [37.5158, 55.52585],
            [37.51576, 55.52585],
            [37.51568, 55.52586],
            [37.51561, 55.52588],
            [37.51557, 55.52588],
            [37.51554, 55.52588],
            [37.51552, 55.52588],
            [37.51548, 55.52589],
            [37.51541, 55.52592],
            [37.51534, 55.52594],
            [37.51532, 55.52595],
            [37.5153, 55.52596],
            [37.5153, 55.52597],
            [37.51527, 55.526],
            [37.51526, 55.52601],
            [37.51527, 55.52603],
            [37.51527, 55.52608],
            [37.51526, 55.52609],
            [37.51525, 55.5261],
            [37.51522, 55.52612],
            [37.51513, 55.52613],
            [37.51506, 55.52613],
            [37.51503, 55.52613],
            [37.515, 55.52613],
            [37.51496, 55.52613],
            [37.51493, 55.52614],
            [37.5149, 55.52615],
            [37.51487, 55.52616],
            [37.51484, 55.52617],
            [37.51482, 55.52618],
            [37.5148, 55.52618],
            [37.5148, 55.52618],
            [37.51478, 55.52618],
            [37.51475, 55.52618],
            [37.51473, 55.52617],
            [37.5147, 55.52616],
            [37.51468, 55.52616],
            [37.51463, 55.52616],
            [37.5146, 55.52616],
            [37.51457, 55.52617],
            [37.51452, 55.52618],
            [37.51449, 55.52618],
            [37.51448, 55.52618],
            [37.51448, 55.52619],
            [37.51445, 55.52621],
            [37.51443, 55.52622],
            [37.51439, 55.52623],
            [37.51437, 55.52624],
            [37.51432, 55.52625],
            [37.51431, 55.52625],
            [37.51429, 55.52626],
            [37.51426, 55.52626],
            [37.51419, 55.52625],
            [37.51413, 55.52625],
            [37.51409, 55.52624],
            [37.51404, 55.52623],
            [37.51396, 55.52621],
            [37.51392, 55.5262],
            [37.51386, 55.52619],
            [37.51382, 55.52619],
            [37.51377, 55.52619],
            [37.51365, 55.5262],
            [37.51355, 55.52621],
            [37.5135, 55.52622],
            [37.51346, 55.52623],
            [37.51343, 55.52625],
            [37.51343, 55.52627],
            [37.51343, 55.52629],
            [37.51347, 55.52631],
            [37.51349, 55.52634],
            [37.51348, 55.52636],
            [37.51345, 55.52637],
            [37.51336, 55.52637],
            [37.51326, 55.5264],
            [37.51323, 55.5264],
            [37.5132, 55.52639],
            [37.51318, 55.52638],
            [37.51316, 55.52634],
            [37.51314, 55.52632],
            [37.5131, 55.52632],
            [37.51304, 55.52632],
            [37.51299, 55.52633],
            [37.51294, 55.52634],
            [37.51287, 55.52637],
            [37.5128, 55.52639],
            [37.51274, 55.5264],
            [37.51268, 55.5264],
            [37.51261, 55.5264],
            [37.51256, 55.52639],
            [37.51251, 55.52638],
            [37.51247, 55.52636],
            [37.51243, 55.52634],
            [37.51239, 55.52633],
            [37.51236, 55.52632],
            [37.5123, 55.52633],
            [37.51221, 55.52635],
            [37.51213, 55.52637],
            [37.51199, 55.52639],
            [37.51183, 55.52642],
            [37.51167, 55.52643],
            [37.51147, 55.52644],
            [37.51135, 55.52646],
            [37.51127, 55.52647],
            [37.51117, 55.52649],
            [37.5111, 55.52651],
            [37.51104, 55.52651],
            [37.51096, 55.52651],
            [37.51084, 55.5265],
            [37.5107, 55.5265],
            [37.51065, 55.5265],
            [37.51055, 55.52648],
            [37.51049, 55.52648],
            [37.51045, 55.52648],
            [37.51042, 55.52649],
            [37.51039, 55.52651],
            [37.51032, 55.52659],
            [37.51029, 55.52662],
            [37.51027, 55.52663],
            [37.51024, 55.52664],
            [37.5102, 55.52663],
            [37.5101, 55.52661],
            [37.51006, 55.5266],
            [37.51002, 55.5266],
            [37.50998, 55.52662],
            [37.50995, 55.52663],
            [37.50992, 55.52666],
            [37.50991, 55.52668],
            [37.50991, 55.52671],
            [37.50991, 55.52673],
            [37.50993, 55.52674],
            [37.50996, 55.52676],
            [37.51005, 55.52679],
            [37.51009, 55.5268],
            [37.51011, 55.52681],
            [37.51011, 55.52683],
            [37.51011, 55.52685],
            [37.51009, 55.52687],
            [37.51003, 55.5269],
            [37.50993, 55.52692],
            [37.50985, 55.52693],
            [37.5098, 55.52694],
            [37.50976, 55.52694],
            [37.50971, 55.52692],
            [37.50967, 55.5269],
            [37.50962, 55.52685],
            [37.50959, 55.52682],
            [37.50955, 55.52679],
            [37.50951, 55.52677],
            [37.50947, 55.52676],
            [37.50941, 55.52675],
            [37.50935, 55.52675],
            [37.50929, 55.52676],
            [37.50925, 55.52678],
            [37.50919, 55.5268],
            [37.50911, 55.52685],
            [37.50905, 55.52688],
            [37.509, 55.5269],
            [37.50894, 55.52692],
            [37.50887, 55.52692],
            [37.50875, 55.52692],
            [37.50872, 55.52692],
            [37.50868, 55.5269],
            [37.50864, 55.52686],
            [37.50862, 55.52684],
            [37.50859, 55.52684],
            [37.50856, 55.52683],
            [37.50854, 55.52684],
            [37.5085, 55.52687],
            [37.50842, 55.52693],
            [37.5084, 55.52694],
            [37.5084, 55.52696],
            [37.5084, 55.52698],
            [37.50843, 55.527],
            [37.50843, 55.52701],
            [37.50843, 55.52703],
            [37.50841, 55.52704],
            [37.50838, 55.52706],
            [37.50825, 55.52708],
            [37.5082, 55.52709],
            [37.50816, 55.52709],
            [37.5081, 55.52708],
            [37.50806, 55.52707],
            [37.50804, 55.52705],
            [37.50802, 55.52703],
            [37.50801, 55.527],
            [37.508, 55.52692],
            [37.508, 55.5269],
            [37.50798, 55.52689],
            [37.50796, 55.52689],
            [37.50793, 55.52688],
            [37.50789, 55.52689],
            [37.50783, 55.5269],
            [37.50777, 55.52691],
            [37.5077, 55.5269],
            [37.50766, 55.5269],
            [37.50763, 55.52691],
            [37.50758, 55.52692],
            [37.50753, 55.52695],
            [37.50747, 55.52699],
            [37.50744, 55.52703],
            [37.50742, 55.52709],
            [37.5074, 55.52711],
            [37.50737, 55.52712],
            [37.50733, 55.52711],
            [37.5073, 55.5271],
            [37.50729, 55.52708],
            [37.50728, 55.52705],
            [37.5073, 55.52703],
            [37.50733, 55.52701],
            [37.50734, 55.52699],
            [37.50733, 55.52698],
            [37.5073, 55.52697],
            [37.50726, 55.52696],
            [37.50721, 55.52697],
            [37.50717, 55.52698],
            [37.50714, 55.52699],
            [37.50712, 55.52701],
            [37.50711, 55.52704],
            [37.5071, 55.52709],
            [37.50708, 55.5271],
            [37.50704, 55.52711],
            [37.50699, 55.52712],
            [37.50693, 55.52712],
            [37.50688, 55.52711],
            [37.50684, 55.52709],
            [37.50683, 55.52706],
            [37.50683, 55.52703],
            [37.50683, 55.52699],
            [37.50681, 55.52697],
            [37.50675, 55.52695],
            [37.50661, 55.52692],
            [37.50656, 55.52691],
            [37.50646, 55.52688],
            [37.50634, 55.52685],
            [37.50621, 55.52683],
            [37.50599, 55.52681],
            [37.50574, 55.52677],
            [37.5056, 55.52675],
            [37.50545, 55.5267],
            [37.505, 55.52654],
            [37.50477, 55.52648],
            [37.50453, 55.52642],
            [37.5045, 55.52641],
            [37.50449, 55.52642],
            [37.50447, 55.52647],
            [37.50446, 55.5265],
            [37.50445, 55.52652],
            [37.50443, 55.52653],
            [37.50442, 55.52655],
            [37.50442, 55.52657],
            [37.50442, 55.5266],
            [37.50444, 55.52663],
            [37.50447, 55.52668],
            [37.50448, 55.52671],
            [37.50448, 55.52672],
            [37.50448, 55.52674],
            [37.50447, 55.52675],
            [37.50445, 55.52677],
            [37.50443, 55.52678],
            [37.50433, 55.52681],
            [37.50424, 55.52684],
            [37.50413, 55.52686],
            [37.50408, 55.52686],
            [37.50405, 55.52686],
            [37.504, 55.52685],
            [37.50396, 55.52682],
            [37.50394, 55.5268],
            [37.50391, 55.52677],
            [37.50389, 55.52675],
            [37.50387, 55.52673],
            [37.50385, 55.52673],
            [37.50383, 55.52672],
            [37.5038, 55.52672],
            [37.50378, 55.52672],
            [37.50375, 55.52673],
            [37.50374, 55.52674],
            [37.50372, 55.52677],
            [37.50371, 55.5268],
            [37.50371, 55.52682],
            [37.50371, 55.52684],
            [37.5037, 55.52687],
            [37.50369, 55.52689],
            [37.50367, 55.52689],
            [37.50365, 55.5269],
            [37.50363, 55.5269],
            [37.5036, 55.52689],
            [37.50357, 55.52688],
            [37.50352, 55.52686],
            [37.50349, 55.52686],
            [37.50346, 55.52685],
            [37.50343, 55.52685],
            [37.50341, 55.52685],
            [37.50339, 55.52686],
            [37.50339, 55.52687],
            [37.50338, 55.52689],
            [37.50337, 55.52691],
            [37.50336, 55.52693],
            [37.50334, 55.52695],
            [37.50332, 55.52696],
            [37.50329, 55.52697],
            [37.50326, 55.52697],
            [37.50323, 55.52696],
            [37.50318, 55.52695],
            [37.50315, 55.52695],
            [37.50311, 55.52695],
            [37.50307, 55.52695],
            [37.50304, 55.52694],
            [37.50302, 55.52693],
            [37.503, 55.52691],
            [37.503, 55.52688],
            [37.503, 55.52686],
            [37.503, 55.52684],
            [37.50299, 55.52681],
            [37.50297, 55.52679],
            [37.50294, 55.52677],
            [37.50288, 55.52674],
            [37.50278, 55.52669],
            [37.50272, 55.52667],
            [37.50268, 55.52666],
            [37.50264, 55.52665],
            [37.5026, 55.52666],
            [37.50257, 55.52666],
            [37.50253, 55.52668],
            [37.5025, 55.52669],
            [37.50248, 55.52672],
            [37.50248, 55.52675],
            [37.50249, 55.52679],
            [37.50252, 55.52681],
            [37.50254, 55.52683],
            [37.50257, 55.52685],
            [37.50259, 55.52688],
            [37.50259, 55.5269],
            [37.50258, 55.52691],
            [37.50255, 55.52693],
            [37.5025, 55.52695],
            [37.5024, 55.52698],
            [37.50237, 55.52699],
            [37.50231, 55.527],
            [37.50228, 55.52701],
            [37.50226, 55.52702],
            [37.50224, 55.52703],
            [37.50223, 55.52705],
            [37.50222, 55.52708],
            [37.50223, 55.52711],
            [37.50229, 55.52721],
            [37.50231, 55.52725],
            [37.50231, 55.52729],
            [37.50229, 55.52732],
            [37.50228, 55.52735],
            [37.50227, 55.52737],
            [37.50227, 55.52739],
            [37.50228, 55.5275],
            [37.50229, 55.52757],
            [37.5023, 55.52761],
            [37.50227, 55.52763],
            [37.5022, 55.52765],
            [37.50214, 55.52766],
            [37.50205, 55.52767],
            [37.50192, 55.52768],
            [37.50186, 55.52768],
            [37.50174, 55.52766],
            [37.50159, 55.52761],
            [37.50146, 55.52758],
            [37.5013, 55.52751],
            [37.50115, 55.52745],
            [37.50104, 55.5274],
            [37.50094, 55.52738],
            [37.50054, 55.52724],
            [37.50023, 55.52713],
            [37.49995, 55.52703],
            [37.49976, 55.52696],
            [37.49961, 55.52691],
            [37.49947, 55.52686],
            [37.49939, 55.52684],
            [37.49933, 55.52681],
            [37.49927, 55.52678],
            [37.49921, 55.52676],
            [37.49917, 55.52675],
            [37.49912, 55.52675],
            [37.49908, 55.52675],
            [37.49897, 55.52677],
            [37.49882, 55.52677],
            [37.49872, 55.52678],
            [37.49867, 55.52679],
            [37.49863, 55.52681],
            [37.49858, 55.52685],
            [37.49852, 55.52688],
            [37.49846, 55.5269],
            [37.49841, 55.52692],
            [37.49836, 55.52692],
            [37.49832, 55.52692],
            [37.49828, 55.52691],
            [37.49827, 55.52689],
            [37.49827, 55.52685],
            [37.49827, 55.52683],
            [37.49824, 55.52683],
            [37.49821, 55.52683],
            [37.49818, 55.52683],
            [37.49816, 55.52683],
            [37.49812, 55.52685],
            [37.49807, 55.52686],
            [37.498, 55.52687],
            [37.49797, 55.52688],
            [37.49795, 55.5269],
            [37.49793, 55.52693],
            [37.4979, 55.52693],
            [37.49788, 55.52692],
            [37.49786, 55.52691],
            [37.49782, 55.52687],
            [37.4978, 55.52683],
            [37.4978, 55.52678],
            [37.49779, 55.52677],
            [37.49775, 55.52676],
            [37.49772, 55.52677],
            [37.49764, 55.52678],
            [37.49757, 55.5268],
            [37.49752, 55.52683],
            [37.49751, 55.52684],
            [37.4975, 55.52688],
            [37.4975, 55.52699],
            [37.49749, 55.52701],
            [37.49747, 55.52702],
            [37.49742, 55.52705],
            [37.49739, 55.52708],
            [37.49732, 55.52714],
            [37.49731, 55.52716],
            [37.49732, 55.52719],
            [37.49735, 55.52722],
            [37.49736, 55.52726],
            [37.49735, 55.52729],
            [37.49731, 55.52731],
            [37.49726, 55.52732],
            [37.49721, 55.52732],
            [37.49712, 55.5273],
            [37.49696, 55.52725],
            [37.49682, 55.52721],
            [37.49676, 55.5272],
            [37.4967, 55.52721],
            [37.49665, 55.52722],
            [37.49636, 55.52735],
            [37.49627, 55.52739],
            [37.49622, 55.5274],
            [37.49616, 55.5274],
            [37.49608, 55.52738],
            [37.49602, 55.52738],
            [37.49597, 55.52738],
            [37.49587, 55.52741],
            [37.49578, 55.52746],
            [37.49572, 55.52748],
            [37.49563, 55.5275],
            [37.49551, 55.5275],
            [37.49543, 55.5275],
            [37.49538, 55.5275],
            [37.49533, 55.52752],
            [37.49514, 55.52758],
            [37.49507, 55.5276],
            [37.495, 55.52761],
            [37.49493, 55.5276],
            [37.49489, 55.52758],
            [37.49487, 55.52755],
            [37.49485, 55.52753],
            [37.49483, 55.52753],
            [37.4948, 55.52753],
            [37.49478, 55.52754],
            [37.49475, 55.52757],
            [37.49471, 55.52761],
            [37.4946, 55.52769],
            [37.49456, 55.52773],
            [37.49455, 55.52777],
            [37.49454, 55.5278],
            [37.49456, 55.52782],
            [37.49458, 55.52783],
            [37.49461, 55.52785],
            [37.49462, 55.52787],
            [37.49462, 55.52789],
            [37.49461, 55.52791],
            [37.49458, 55.52794],
            [37.49446, 55.52802],
            [37.49443, 55.52806],
            [37.4944, 55.52811],
            [37.49438, 55.52814],
            [37.49433, 55.52816],
            [37.49428, 55.52817],
            [37.49423, 55.52817],
            [37.4942, 55.52816],
            [37.49416, 55.52812],
            [37.49414, 55.52811],
            [37.49412, 55.52811],
            [37.49409, 55.52811],
            [37.49406, 55.52812],
            [37.49402, 55.52814],
            [37.49399, 55.52818],
            [37.49393, 55.52822],
            [37.4939, 55.52824],
            [37.49389, 55.52827],
            [37.49391, 55.52829],
            [37.49395, 55.52834],
            [37.49399, 55.52836],
            [37.49403, 55.52838],
            [37.49405, 55.52839],
            [37.49405, 55.52841],
            [37.49402, 55.52844],
            [37.49397, 55.52846],
            [37.49387, 55.52848],
            [37.49373, 55.52852],
            [37.49369, 55.52853],
            [37.49364, 55.52856],
            [37.49356, 55.52864],
            [37.49351, 55.52865],
            [37.49342, 55.52866],
            [37.49335, 55.52866],
            [37.49332, 55.52865],
            [37.49317, 55.52859],
            [37.49312, 55.52856],
            [37.49309, 55.52856],
            [37.49307, 55.52856],
            [37.49304, 55.52858],
            [37.49303, 55.52859],
            [37.49301, 55.52866],
            [37.49299, 55.52867],
            [37.49295, 55.52869],
            [37.4929, 55.52869],
            [37.49279, 55.52868],
            [37.49269, 55.52868],
            [37.49265, 55.52868],
            [37.49261, 55.52869],
            [37.49257, 55.52872],
            [37.49251, 55.52876],
            [37.49251, 55.52878],
            [37.49252, 55.5288],
            [37.49257, 55.52884],
            [37.49258, 55.52887],
            [37.49257, 55.52889],
            [37.49255, 55.5289],
            [37.4925, 55.52892],
            [37.49238, 55.52894],
            [37.49234, 55.52895],
            [37.49233, 55.52896],
            [37.4923, 55.52901],
            [37.4923, 55.52906],
            [37.49232, 55.52911],
            [37.49232, 55.52914],
            [37.4923, 55.52915],
            [37.49227, 55.52916],
            [37.49223, 55.52916],
            [37.49215, 55.52915],
            [37.49203, 55.52913],
            [37.492, 55.52912],
            [37.49195, 55.52909],
            [37.4918, 55.529],
            [37.49178, 55.52899],
            [37.49175, 55.52899],
            [37.49172, 55.529],
            [37.49167, 55.52902],
            [37.49146, 55.52905],
            [37.49133, 55.52906],
            [37.49128, 55.52907],
            [37.49122, 55.5291],
            [37.49112, 55.52914],
            [37.49108, 55.52916],
            [37.49094, 55.52917],
            [37.49086, 55.52918],
            [37.49079, 55.5292],
            [37.49076, 55.52922],
            [37.49074, 55.52924],
            [37.49075, 55.52926],
            [37.49076, 55.52929],
            [37.49075, 55.5293],
            [37.49073, 55.52931],
            [37.49069, 55.52932],
            [37.49059, 55.52933],
            [37.49052, 55.52933],
            [37.49048, 55.52932],
            [37.49043, 55.52931],
            [37.49033, 55.52932],
            [37.49029, 55.52933],
            [37.49023, 55.52938],
            [37.49018, 55.52943],
            [37.49008, 55.52948],
            [37.48998, 55.52956],
            [37.48991, 55.5296],
            [37.48983, 55.52963],
            [37.48975, 55.52963],
            [37.48972, 55.52963],
            [37.48967, 55.5296],
            [37.48964, 55.52957],
            [37.48959, 55.52957],
            [37.48956, 55.52958],
            [37.48939, 55.52965],
            [37.48937, 55.52967],
            [37.48936, 55.5297],
            [37.48939, 55.52978],
            [37.48938, 55.52982],
            [37.48938, 55.52986],
            [37.48942, 55.52989],
            [37.48946, 55.52991],
            [37.48948, 55.52993],
            [37.4895, 55.52996],
            [37.48948, 55.52998],
            [37.48943, 55.52999],
            [37.48936, 55.53],
            [37.48928, 55.52999],
            [37.48922, 55.52998],
            [37.48916, 55.52996],
            [37.48904, 55.5299],
            [37.48895, 55.52985],
            [37.48884, 55.52977],
            [37.48878, 55.52972],
            [37.48876, 55.52968],
            [37.48876, 55.52965],
            [37.48874, 55.52963],
            [37.48871, 55.52961],
            [37.48863, 55.52957],
            [37.48838, 55.52949],
            [37.4883, 55.52947],
            [37.48823, 55.52946],
            [37.48818, 55.52946],
            [37.48813, 55.52946],
            [37.48808, 55.52947],
            [37.48803, 55.52949],
            [37.48794, 55.52955],
            [37.48789, 55.52959],
            [37.48785, 55.5296],
            [37.48779, 55.52962],
            [37.48769, 55.52964],
            [37.48763, 55.52964],
            [37.48756, 55.52964],
            [37.4875, 55.52964],
            [37.48744, 55.52962],
            [37.48738, 55.5296],
            [37.48732, 55.52959],
            [37.48727, 55.52959],
            [37.48722, 55.52958],
            [37.48718, 55.5296],
            [37.48703, 55.5297],
            [37.48696, 55.52974],
            [37.4869, 55.52976],
            [37.48683, 55.52978],
            [37.48676, 55.52979],
            [37.48667, 55.5298],
            [37.4866, 55.5298],
            [37.48653, 55.52979],
            [37.48643, 55.52979],
            [37.48632, 55.52977],
            [37.48594, 55.5297],
            [37.48579, 55.52968],
            [37.48567, 55.52966],
            [37.48555, 55.52964],
            [37.48548, 55.52962],
            [37.48536, 55.52957],
            [37.48531, 55.52953],
            [37.48527, 55.52949],
            [37.48522, 55.52942],
            [37.48515, 55.52932],
            [37.48511, 55.52927],
            [37.48499, 55.52919],
            [37.48495, 55.52917],
            [37.48487, 55.52914],
            [37.48464, 55.52907],
            [37.48452, 55.52904],
            [37.48438, 55.529],
            [37.48423, 55.52894],
            [37.48416, 55.52891],
            [37.48408, 55.52887],
            [37.48399, 55.52883],
            [37.4839, 55.52879],
            [37.48379, 55.52876],
            [37.48366, 55.52872],
            [37.4835, 55.52868],
            [37.48343, 55.52865],
            [37.48339, 55.52864],
            [37.48331, 55.52864],
            [37.48321, 55.52864],
            [37.48314, 55.52863],
            [37.48312, 55.5286],
            [37.4831, 55.52853],
            [37.48309, 55.52843],
            [37.4831, 55.52834],
            [37.48311, 55.52833],
            [37.48316, 55.52828],
            [37.48317, 55.52827],
            [37.48316, 55.52826],
            [37.48311, 55.52822],
            [37.48299, 55.52813],
            [37.48291, 55.52808],
            [37.48288, 55.52804],
            [37.48283, 55.52794],
            [37.4828, 55.52781],
            [37.48279, 55.52777],
            [37.48281, 55.52768],
            [37.4828, 55.52762],
            [37.4828, 55.52756],
            [37.48281, 55.52751],
            [37.48282, 55.52746],
            [37.48289, 55.52735],
            [37.48293, 55.52731],
            [37.48295, 55.52728],
            [37.48297, 55.52725],
            [37.48297, 55.52722],
            [37.48296, 55.52719],
            [37.48294, 55.52716],
            [37.4829, 55.52714],
            [37.4828, 55.52709],
            [37.48261, 55.52702],
            [37.48252, 55.52699],
            [37.48246, 55.52697],
            [37.48242, 55.52697],
            [37.48237, 55.52697],
            [37.48225, 55.52699],
            [37.48216, 55.52699],
            [37.48209, 55.52699],
            [37.48204, 55.52699],
            [37.48199, 55.52697],
            [37.48193, 55.52694],
            [37.48188, 55.5269],
            [37.48185, 55.52688],
            [37.48177, 55.5268],
            [37.48168, 55.52674],
            [37.48157, 55.52669],
            [37.48147, 55.52664],
            [37.4814, 55.52662],
            [37.48129, 55.52659],
            [37.48124, 55.52657],
            [37.48118, 55.52655],
            [37.48112, 55.52654],
            [37.48106, 55.52654],
            [37.48098, 55.52651],
            [37.4808, 55.52645],
            [37.48075, 55.52641],
            [37.4807, 55.52637],
            [37.48065, 55.52633],
            [37.4806, 55.5263],
            [37.48053, 55.52628],
            [37.48048, 55.52626],
            [37.48042, 55.52624],
            [37.48035, 55.52625],
            [37.4803, 55.52624],
            [37.48027, 55.52623],
            [37.48024, 55.52622],
            [37.4802, 55.52621],
            [37.48017, 55.5262],
            [37.48014, 55.52621],
            [37.48004, 55.52622],
            [37.47997, 55.52623],
            [37.4799, 55.52624],
            [37.4798, 55.52624],
            [37.47973, 55.52624],
            [37.47969, 55.52625],
            [37.47958, 55.52628],
            [37.47953, 55.52629],
            [37.47944, 55.5263],
            [37.47935, 55.52631],
            [37.47927, 55.52633],
            [37.47919, 55.52635],
            [37.47918, 55.52636],
            [37.47916, 55.5264],
            [37.47914, 55.52642],
            [37.4791, 55.52646],
            [37.47901, 55.52649],
            [37.47895, 55.52651],
            [37.47891, 55.52652],
            [37.4788, 55.52651],
            [37.47865, 55.52651],
            [37.47861, 55.52651],
            [37.47858, 55.52649],
            [37.47854, 55.52646],
            [37.47851, 55.52644],
            [37.47846, 55.52642],
            [37.47842, 55.52641],
            [37.47839, 55.52637],
            [37.47835, 55.52635],
            [37.47828, 55.52631],
            [37.47824, 55.52629],
            [37.47822, 55.52626],
            [37.47823, 55.52624],
            [37.47825, 55.52621],
            [37.47825, 55.5262],
            [37.47824, 55.52618],
            [37.47821, 55.52617],
            [37.47817, 55.52616],
            [37.47803, 55.52615],
            [37.47792, 55.52613],
            [37.47787, 55.52613],
            [37.47782, 55.52614],
            [37.47775, 55.52615],
            [37.47769, 55.52615],
            [37.47761, 55.52614],
            [37.47749, 55.52614],
            [37.47739, 55.52616],
            [37.47734, 55.52617],
            [37.47727, 55.52622],
            [37.47716, 55.52624],
            [37.47706, 55.52628],
            [37.47692, 55.52635],
            [37.47687, 55.52638],
            [37.47684, 55.5264],
            [37.47678, 55.52642],
            [37.47671, 55.52643],
            [37.47666, 55.52643],
            [37.47661, 55.52642],
            [37.47655, 55.5264],
            [37.47648, 55.5264],
            [37.47638, 55.52642],
            [37.47635, 55.52644],
            [37.47636, 55.5265],
            [37.47634, 55.52653],
            [37.47628, 55.52656],
            [37.47625, 55.52662],
            [37.47616, 55.52787],
            [37.4761, 55.52903],
            [37.47612, 55.5296],
            [37.4761, 55.52977],
            [37.47599, 55.5309],
            [37.47597, 55.53113],
            [37.47593, 55.53186],
            [37.47535, 55.53238],
            [37.47516, 55.53267],
            [37.47503, 55.53291],
            [37.47495, 55.53349],
            [37.47516, 55.53411],
            [37.47576, 55.53478],
            [37.47575, 55.535],
            [37.47571, 55.53539],
            [37.47571, 55.53539],
            [37.47552, 55.5373],
            [37.47619, 55.53745],
            [37.47629, 55.53748],
            [37.47631, 55.53748],
            [37.47631, 55.53748],
            [37.47761, 55.53779],
            [37.47762, 55.53779],
            [37.48215, 55.53885],
            [37.4822, 55.53881],
            [37.48412, 55.53926],
            [37.4851, 55.53952],
            [37.48573, 55.53969],
            [37.48618, 55.53979],
            [37.48747, 55.53991],
            [37.48748, 55.54009],
            [37.48775, 55.54009],
            [37.48774, 55.53997],
            [37.48776, 55.53997],
            [37.48774, 55.53987],
            [37.4878, 55.53984],
            [37.48787, 55.53977],
            [37.48868, 55.53968],
            [37.48877, 55.53963],
            [37.49103, 55.53943],
            [37.49345, 55.53965],
            [37.50066, 55.54131],
            [37.50751, 55.54288],
            [37.50777, 55.54295],
            [37.51111, 55.54499],
            [37.5145, 55.5485],
            [37.51798, 55.55022],
            [37.51819, 55.55032],
            [37.52027, 55.55124],
            [37.52137, 55.55172],
            [37.52161, 55.55182],
            [37.52331, 55.55255],
            [37.52535, 55.55344],
            [37.52858, 55.55486],
            [37.52919, 55.55525],
            [37.53651, 55.55367],
            [37.54488, 55.55202],
            [37.54882, 55.55263],
            [37.54947, 55.55413],
            [37.55141, 55.55464],
            [37.55188, 55.55479],
            [37.55215, 55.55487],
            [37.55237, 55.55522],
            [37.55297, 55.55623],
            [37.5542, 55.5593],
            [37.55447, 55.56026],
            [37.5548, 55.56148],
            [37.55202, 55.56185],
            [37.55036, 55.56293],
            [37.55049, 55.56332],
            [37.55059, 55.5636],
            [37.55174, 55.56352],
            [37.55251, 55.56365],
            [37.55316, 55.56406],
            [37.55345, 55.56492],
            [37.55377, 55.56604],
            [37.5535, 55.56762],
            [37.55014, 55.56832],
            [37.54789, 55.56892],
            [37.54888, 55.56994],
            [37.54751, 55.5704],
            [37.5475, 55.5704],
            [37.54695, 55.57045],
            [37.54612, 55.56994],
            [37.54451, 55.57022],
            [37.54369, 55.57075],
            [37.54368, 55.57075],
            [37.54069, 55.57113],
            [37.54032, 55.57167],
            [37.53891, 55.57221],
            [37.53891, 55.57221],
            [37.53724, 55.57239],
            [37.53689, 55.5731],
            [37.53692, 55.57315],
            [37.53955, 55.57326],
            [37.53955, 55.57333],
            [37.53951, 55.5744],
            [37.53995, 55.57604],
            [37.53995, 55.57604],
            [37.53873, 55.57592],
            [37.5393, 55.57672],
            [37.5393, 55.57672],
            [37.53685, 55.57729],
            [37.53865, 55.57956],
            [37.54052, 55.5793],
            [37.54103, 55.57923],
            [37.54107, 55.57919],
            [37.54079, 55.57905],
            [37.54092, 55.57884],
            [37.54191, 55.57855],
            [37.54248, 55.57852],
            [37.54294, 55.57844],
            [37.54426, 55.57852],
            [37.54575, 55.57836],
            [37.54793, 55.579],
            [37.55103, 55.58028],
            [37.55118, 55.58032],
            [37.55114, 55.58034],
            [37.55101, 55.5804],
            [37.55094, 55.58043],
            [37.55087, 55.58048],
            [37.55083, 55.5805],
            [37.5507, 55.5806],
            [37.55069, 55.58064],
            [37.55066, 55.58065],
            [37.55064, 55.58066],
            [37.55062, 55.58066],
            [37.5506, 55.58066],
            [37.55058, 55.58066],
            [37.55057, 55.58065],
            [37.55054, 55.58065],
            [37.55052, 55.58065],
            [37.55048, 55.58064],
            [37.55047, 55.58065],
            [37.55045, 55.58065],
            [37.55043, 55.58065],
            [37.55043, 55.58066],
            [37.55042, 55.58067],
            [37.55042, 55.58068],
            [37.55045, 55.5807],
            [37.55046, 55.58071],
            [37.55046, 55.58072],
            [37.55046, 55.58072],
            [37.55046, 55.58074],
            [37.55043, 55.58073],
            [37.55044, 55.58076],
            [37.55042, 55.58077],
            [37.5504, 55.58078],
            [37.55036, 55.58078],
            [37.55034, 55.58079],
            [37.55032, 55.58079],
            [37.55028, 55.58082],
            [37.55026, 55.58083],
            [37.55023, 55.58086],
            [37.55021, 55.58089],
            [37.5502, 55.58089],
            [37.5502, 55.58091],
            [37.5502, 55.58092],
            [37.55022, 55.58093],
            [37.5502, 55.58092],
            [37.55023, 55.58094],
            [37.55022, 55.58095],
            [37.55021, 55.58098],
            [37.55019, 55.581],
            [37.55013, 55.58107],
            [37.55009, 55.58112],
            [37.55006, 55.58116],
            [37.55002, 55.58123],
            [37.54999, 55.58126],
            [37.54998, 55.58127],
            [37.54996, 55.58128],
            [37.54995, 55.58128],
            [37.54993, 55.58129],
            [37.54991, 55.58129],
            [37.5499, 55.58129],
            [37.54988, 55.58131],
            [37.54987, 55.58131],
            [37.54986, 55.58132],
            [37.54983, 55.58132],
            [37.5498, 55.58133],
            [37.54978, 55.58134],
            [37.54972, 55.58137],
            [37.54967, 55.5814],
            [37.54965, 55.58142],
            [37.54963, 55.58144],
            [37.54962, 55.58149],
            [37.54959, 55.58156],
            [37.54958, 55.5816],
            [37.54958, 55.58162],
            [37.54953, 55.5817],
            [37.54952, 55.58173],
            [37.54952, 55.58174],
            [37.54952, 55.58176],
            [37.54953, 55.5818],
            [37.54954, 55.58182],
            [37.54958, 55.58188],
            [37.5496, 55.58191],
            [37.54961, 55.58192],
            [37.54961, 55.58194],
            [37.54961, 55.58196],
            [37.54959, 55.58201],
            [37.54957, 55.58206],
            [37.54956, 55.58209],
            [37.54954, 55.58211],
            [37.54952, 55.58212],
            [37.54951, 55.58213],
            [37.54947, 55.58215],
            [37.54935, 55.58218],
            [37.54929, 55.58221],
            [37.54925, 55.58222],
            [37.54919, 55.58226],
            [37.54915, 55.58229],
            [37.54909, 55.58235],
            [37.54905, 55.58239],
            [37.54903, 55.58242],
            [37.549, 55.58245],
            [37.549, 55.58246],
            [37.549, 55.58248],
            [37.549, 55.58249],
            [37.54902, 55.5825],
            [37.54903, 55.58251],
            [37.54906, 55.58252],
            [37.54907, 55.58252],
            [37.54909, 55.58252],
            [37.54911, 55.58251],
            [37.54912, 55.58251],
            [37.54913, 55.5825],
            [37.54916, 55.58246],
            [37.5492, 55.58242],
            [37.54924, 55.58238],
            [37.54927, 55.58234],
            [37.54929, 55.58232],
            [37.54933, 55.58229],
            [37.54937, 55.58226],
            [37.54939, 55.58225],
            [37.54941, 55.58224],
            [37.54945, 55.58224],
            [37.54947, 55.58224],
            [37.54949, 55.58225],
            [37.5495, 55.58225],
            [37.54951, 55.58226],
            [37.54952, 55.58227],
            [37.54953, 55.58229],
            [37.54953, 55.5823],
            [37.54953, 55.58234],
            [37.54951, 55.58241],
            [37.54949, 55.58245],
            [37.54947, 55.58251],
            [37.54943, 55.58256],
            [37.54941, 55.58258],
            [37.54939, 55.5826],
            [37.54935, 55.58262],
            [37.54933, 55.58263],
            [37.54928, 55.58265],
            [37.54925, 55.58266],
            [37.54924, 55.58268],
            [37.54923, 55.58269],
            [37.54922, 55.58271],
            [37.54923, 55.58273],
            [37.54923, 55.58273],
            [37.54925, 55.58275],
            [37.54927, 55.58276],
            [37.54927, 55.58277],
            [37.54928, 55.58278],
            [37.54928, 55.58281],
            [37.54927, 55.58283],
            [37.54927, 55.58284],
            [37.54926, 55.58287],
            [37.54923, 55.5829],
            [37.54921, 55.58292],
            [37.54918, 55.58295],
            [37.54914, 55.58297],
            [37.54912, 55.58298],
            [37.5491, 55.58299],
            [37.54909, 55.58299],
            [37.54906, 55.58299],
            [37.54904, 55.58298],
            [37.54901, 55.58297],
            [37.549, 55.58296],
            [37.54899, 55.58294],
            [37.54897, 55.58294],
            [37.54896, 55.58294],
            [37.54894, 55.58294],
            [37.5489, 55.58296],
            [37.54888, 55.58297],
            [37.54884, 55.583],
            [37.5488, 55.58302],
            [37.54878, 55.58304],
            [37.54877, 55.58306],
            [37.54876, 55.58308],
            [37.54877, 55.58312],
            [37.54877, 55.58315],
            [37.54876, 55.58317],
            [37.54876, 55.58318],
            [37.54873, 55.58319],
            [37.54873, 55.58321],
            [37.54871, 55.58325],
            [37.5486, 55.58324],
            [37.54854, 55.58323],
            [37.54847, 55.58322],
            [37.5484, 55.58321],
            [37.54834, 55.58323],
            [37.5483, 55.58324],
            [37.54824, 55.58327],
            [37.54818, 55.58331],
            [37.54808, 55.58335],
            [37.54799, 55.58339],
            [37.54783, 55.58351],
            [37.54768, 55.58361],
            [37.54766, 55.58364],
            [37.54764, 55.5837],
            [37.54762, 55.58374],
            [37.54757, 55.58376],
            [37.54752, 55.58377],
            [37.54746, 55.58379],
            [37.54741, 55.58381],
            [37.54736, 55.58385],
            [37.54728, 55.58389],
            [37.54712, 55.58393],
            [37.54699, 55.58397],
            [37.54683, 55.58402],
            [37.54664, 55.58406],
            [37.54645, 55.58408],
            [37.54631, 55.5841],
            [37.54625, 55.58411],
            [37.54624, 55.58413],
            [37.54624, 55.58421],
            [37.54624, 55.58426],
            [37.54622, 55.58434],
            [37.54617, 55.58452],
            [37.54614, 55.58458],
            [37.54611, 55.58462],
            [37.54608, 55.58465],
            [37.54601, 55.58469],
            [37.54597, 55.58473],
            [37.54595, 55.58479],
            [37.54592, 55.58483],
            [37.54588, 55.58484],
            [37.54582, 55.58484],
            [37.54578, 55.58484],
            [37.54546, 55.5849],
            [37.54545, 55.58491],
            [37.54544, 55.58492],
            [37.54543, 55.58494],
            [37.54542, 55.58494],
            [37.54541, 55.58495],
            [37.54542, 55.58497],
            [37.54543, 55.58498],
            [37.54544, 55.58498],
            [37.54546, 55.58499],
            [37.54548, 55.585],
            [37.5455, 55.585],
            [37.54551, 55.585],
            [37.54552, 55.585],
            [37.54554, 55.58501],
            [37.54554, 55.58501],
            [37.54552, 55.58502],
            [37.54547, 55.58502],
            [37.54546, 55.58503],
            [37.54545, 55.58504],
            [37.54544, 55.58504],
            [37.54544, 55.58505],
            [37.54543, 55.58506],
            [37.54543, 55.58508],
            [37.54543, 55.58508],
            [37.54543, 55.58509],
            [37.54544, 55.5851],
            [37.54545, 55.58513],
            [37.54548, 55.58516],
            [37.5455, 55.58519],
            [37.54553, 55.58521],
            [37.54554, 55.58523],
            [37.54556, 55.58525],
            [37.54559, 55.58527],
            [37.54562, 55.58528],
            [37.54565, 55.5853],
            [37.54569, 55.58533],
            [37.54572, 55.58535],
            [37.54575, 55.58539],
            [37.54576, 55.58541],
            [37.54576, 55.58542],
            [37.54576, 55.58542],
            [37.54576, 55.58543],
            [37.54577, 55.58544],
            [37.54577, 55.5855],
            [37.54575, 55.58553],
            [37.54568, 55.58558],
            [37.54583, 55.58569],
            [37.54706, 55.58648],
            [37.5472, 55.5866],
            [37.54727, 55.58666],
            [37.53872, 55.58871],
            [37.53042, 55.5907],
            [37.53027, 55.59069],
            [37.53016, 55.59066],
            [37.53004, 55.59053],
            [37.52982, 55.5903],
            [37.52934, 55.58968],
            [37.52925, 55.58961],
            [37.52908, 55.58953],
            [37.5288, 55.58947],
            [37.52838, 55.58951],
            [37.52814, 55.58957],
            [37.5279, 55.58961],
            [37.5278, 55.58959],
            [37.52771, 55.58955],
            [37.52724, 55.58966],
            [37.52742, 55.58987],
            [37.52748, 55.59003],
            [37.52747, 55.59019],
            [37.52741, 55.59036],
            [37.52736, 55.59047],
            [37.52701, 55.59099],
            [37.52689, 55.59114],
            [37.52686, 55.59116],
            [37.5267, 55.5913],
            [37.52658, 55.5914],
            [37.52648, 55.59148],
            [37.52631, 55.59161],
            [37.52629, 55.59162],
            [37.52629, 55.59162],
            [37.51809, 55.59365],
            [37.51188, 55.5956],
            [37.51155, 55.59576],
            [37.51119, 55.59594],
            [37.50872, 55.59717],
            [37.50655, 55.59825],
            [37.50347, 55.60062],
            [37.50252, 55.60135],
            [37.50218, 55.60161],
            [37.50154, 55.60216],
            [37.50148, 55.60221],
            [37.49825, 55.60497],
            [37.49752, 55.6056],
            [37.4941, 55.60857],
            [37.49409, 55.60857],
            [37.49371, 55.60863],
            [37.49336, 55.60862],
            [37.4931, 55.60863],
            [37.49293, 55.60869],
            [37.49275, 55.60877],
            [37.49263, 55.60889],
            [37.49252, 55.609],
            [37.4924, 55.60912],
            [37.49219, 55.60935],
            [37.49192, 55.60958],
            [37.49171, 55.60977],
            [37.49151, 55.60993],
            [37.49137, 55.60998],
            [37.49136, 55.60998],
            [37.49133, 55.61],
            [37.49118, 55.6101],
            [37.49095, 55.61017],
            [37.4907, 55.61006],
            [37.49045, 55.60996],
            [37.49021, 55.60985],
            [37.48997, 55.60966],
            [37.48995, 55.60968],
            [37.48985, 55.60961],
            [37.48977, 55.6095],
            [37.48974, 55.60948],
            [37.48963, 55.60938],
            [37.4895, 55.60925],
            [37.4894, 55.6091],
            [37.48931, 55.60895],
            [37.48917, 55.60877],
            [37.48904, 55.60859],
            [37.48879, 55.60816],
            [37.48833, 55.60827],
            [37.48784, 55.60839],
            [37.48803, 55.60869],
            [37.48814, 55.60885],
            [37.48831, 55.60909],
            [37.4884, 55.60922],
            [37.4884, 55.60922],
            [37.48843, 55.60926],
            [37.48851, 55.60938],
            [37.48864, 55.60961],
            [37.48878, 55.60984],
            [37.48883, 55.60998],
            [37.48888, 55.61008],
            [37.48916, 55.61072],
            [37.48908, 55.61122],
            [37.48902, 55.61131],
            [37.48907, 55.61148],
            [37.48906, 55.61171],
            [37.48907, 55.61172],
            [37.48906, 55.61177],
            [37.48905, 55.61189],
            [37.48905, 55.61207],
            [37.48904, 55.61224],
            [37.48902, 55.61244],
            [37.48897, 55.6127],
            [37.48889, 55.61288],
            [37.48881, 55.61303],
            [37.4889, 55.61328],
            [37.48769, 55.61435],
            [37.48752, 55.61448],
            [37.48621, 55.61559],
            [37.48545, 55.61618],
            [37.48153, 55.61931],
            [37.4776, 55.62267],
            [37.47373, 55.626],
            [37.46939, 55.62972],
            [37.46749, 55.63136],
            [37.46683, 55.63237],
            [37.46597, 55.63314],
            [37.46467, 55.63376],
            [37.46448, 55.6337],
            [37.46377, 55.63433],
            [37.46377, 55.63434],
            [37.46377, 55.63435],
            [37.46387, 55.63443],
            [37.46209, 55.63595],
            [37.4621, 55.63595],
            [37.46204, 55.63612],
            [37.4619, 55.63612],
            [37.46078, 55.63706],
            [37.46061, 55.63709],
            [37.46041, 55.63714],
            [37.46021, 55.63717],
            [37.45983, 55.63721],
            [37.45945, 55.63724],
            [37.45913, 55.63728],
            [37.45881, 55.63731],
            [37.45847, 55.63734],
            [37.45815, 55.63738],
            [37.45796, 55.63739],
            [37.45778, 55.63738],
            [37.45752, 55.63736],
            [37.45732, 55.63734],
            [37.45711, 55.63729],
            [37.45701, 55.63727],
            [37.45688, 55.63724],
            [37.45659, 55.63713],
            [37.45629, 55.637],
            [37.456, 55.63688],
            [37.45572, 55.63705]
          ]
        ]
      }
    },
    {
      "type": "Feature",
      "properties": {
        "name": "Западный",
        "color": "#87CEEB",
        "value": "5"
      },
      "geometry": {
        "type": "Polygon",
        "coordinates": [
          [
            [36.88808, 55.73444],
            [36.88854, 55.73486],
            [36.88898, 55.73421],
            [36.88934, 55.73403],
            [36.89004, 55.73436],
            [36.89049, 55.7336],
            [36.891, 55.73368],
            [36.89136, 55.73378],
            [36.89173, 55.73382],
            [36.89232, 55.73376],
            [36.89362, 55.73388],
            [36.89495, 55.73382],
            [36.89529, 55.73375],
            [36.8953, 55.73366],
            [36.89551, 55.73355],
            [36.89698, 55.73332],
            [36.89728, 55.73331],
            [36.89726, 55.73346],
            [36.89831, 55.73329],
            [36.89955, 55.73366],
            [36.89955, 55.73371],
            [36.89973, 55.73376],
            [36.89988, 55.73466],
            [36.90009, 55.73473],
            [36.89993, 55.73514],
            [36.9006, 55.73516],
            [36.90031, 55.73637],
            [36.90043, 55.73638],
            [36.90033, 55.7368],
            [36.89999, 55.7377],
            [36.90006, 55.73838],
            [36.89992, 55.73885],
            [36.8997, 55.73921],
            [36.89929, 55.74075],
            [36.89922, 55.74104],
            [36.89912, 55.74118],
            [36.89892, 55.74128],
            [36.89768, 55.74179],
            [36.89687, 55.74217],
            [36.8972, 55.74245],
            [36.89858, 55.74181],
            [36.89865, 55.74241],
            [36.89896, 55.74266],
            [36.89894, 55.7433],
            [36.89926, 55.74364],
            [36.89924, 55.74417],
            [36.89968, 55.7447],
            [36.89968, 55.74513],
            [36.89975, 55.74537],
            [36.90287, 55.74491],
            [36.90476, 55.74539],
            [36.90522, 55.74561],
            [36.90579, 55.74669],
            [36.90588, 55.74685],
            [36.90605, 55.74696],
            [36.90637, 55.74704],
            [36.90681, 55.7471],
            [36.90711, 55.74714],
            [36.90779, 55.74732],
            [36.90781, 55.74792],
            [36.90801, 55.74836],
            [36.90808, 55.74875],
            [36.90939, 55.74836],
            [36.9127, 55.74751],
            [36.91598, 55.74667],
            [36.91691, 55.74663],
            [36.92102, 55.74658],
            [36.92202, 55.74729],
            [36.92495, 55.74908],
            [36.92768, 55.7507],
            [36.9285, 55.75117],
            [36.93092, 55.75225],
            [36.93191, 55.7526],
            [36.93231, 55.75264],
            [36.93292, 55.75264],
            [36.93319, 55.75415],
            [36.93322, 55.75441],
            [36.934, 55.7545],
            [36.93411, 55.75449],
            [36.93422, 55.75455],
            [36.93584, 55.75483],
            [36.93723, 55.75503],
            [36.93754, 55.75503],
            [36.93766, 55.75508],
            [36.93868, 55.75525],
            [36.93949, 55.75542],
            [36.94192, 55.75581],
            [36.94487, 55.7563],
            [36.94813, 55.75683],
            [36.95307, 55.75763],
            [36.95698, 55.75828],
            [36.96428, 55.75943],
            [36.96806, 55.76004],
            [36.97043, 55.75843],
            [36.97181, 55.75794],
            [36.97066, 55.75575],
            [36.96255, 55.75541],
            [36.95936, 55.75528],
            [36.95905, 55.7561],
            [36.95826, 55.75728],
            [36.95766, 55.75722],
            [36.95757, 55.75732],
            [36.95711, 55.75825],
            [36.95692, 55.75821],
            [36.9574, 55.75727],
            [36.95748, 55.75723],
            [36.95792, 55.75576],
            [36.9572, 55.75436],
            [36.95674, 55.75426],
            [36.95637, 55.75397],
            [36.95637, 55.75385],
            [36.95743, 55.75195],
            [36.95773, 55.75164],
            [36.95819, 55.7512],
            [36.95893, 55.75101],
            [36.95986, 55.75084],
            [36.96061, 55.75065],
            [36.95998, 55.7505],
            [36.95926, 55.75001],
            [36.95901, 55.74988],
            [36.96127, 55.74947],
            [36.96131, 55.74943],
            [36.96129, 55.74928],
            [36.96163, 55.7492],
            [36.96361, 55.74815],
            [36.96446, 55.74779],
            [36.96441, 55.74768],
            [36.96635, 55.74745],
            [36.96696, 55.74746],
            [36.96729, 55.7477],
            [36.96755, 55.74793],
            [36.96828, 55.74879],
            [36.96813, 55.74955],
            [36.97039, 55.74954],
            [36.97104, 55.7515],
            [36.97106, 55.75185],
            [36.97134, 55.75186],
            [36.97171, 55.7524],
            [36.97194, 55.75328],
            [36.97183, 55.75337],
            [36.97201, 55.75392],
            [36.97229, 55.7534],
            [36.97218, 55.7528],
            [36.97183, 55.75219],
            [36.97323, 55.75203],
            [36.97561, 55.75157],
            [36.97601, 55.75139],
            [36.97682, 55.75122],
            [36.97725, 55.75117],
            [36.97784, 55.75117],
            [36.97806, 55.75111],
            [36.97819, 55.75119],
            [36.97766, 55.75158],
            [36.97778, 55.75176],
            [36.97978, 55.75378],
            [36.98016, 55.75421],
            [36.98039, 55.75464],
            [36.98079, 55.75591],
            [36.97635, 55.75694],
            [36.97494, 55.75721],
            [36.97574, 55.75838],
            [36.97695, 55.75927],
            [36.97762, 55.75975],
            [36.97875, 55.76049],
            [36.98085, 55.7598],
            [36.98198, 55.75937],
            [36.98226, 55.75909],
            [36.98323, 55.75879],
            [36.98364, 55.75868],
            [36.9834, 55.75855],
            [36.98407, 55.7581],
            [36.98337, 55.75777],
            [36.9832, 55.75787],
            [36.98271, 55.75764],
            [36.98696, 55.75466],
            [36.98671, 55.75288],
            [36.98737, 55.75194],
            [36.98731, 55.75179],
            [36.98469, 55.75037],
            [36.98454, 55.75026],
            [36.98724, 55.74911],
            [36.98885, 55.74861],
            [36.98955, 55.74871],
            [36.98994, 55.74905],
            [36.99, 55.7494],
            [36.99112, 55.74843],
            [36.9884, 55.7473],
            [36.98789, 55.74709],
            [36.98763, 55.74668],
            [36.98753, 55.74659],
            [36.98734, 55.74653],
            [36.9874, 55.74647],
            [36.98501, 55.74548],
            [36.98618, 55.74451],
            [36.98672, 55.7447],
            [36.98674, 55.74466],
            [36.98725, 55.74481],
            [36.98827, 55.74493],
            [36.98858, 55.74493],
            [36.99017, 55.74476],
            [36.99205, 55.74471],
            [36.9922, 55.74515],
            [36.99253, 55.74514],
            [36.99267, 55.7452],
            [36.99303, 55.74589],
            [36.99336, 55.74679],
            [36.99335, 55.74695],
            [36.99516, 55.74769],
            [36.99413, 55.74822],
            [36.9938, 55.74852],
            [36.99322, 55.74878],
            [36.99265, 55.74907],
            [36.99179, 55.74869],
            [36.99157, 55.74883],
            [36.99158, 55.74886],
            [36.99203, 55.74889],
            [36.99261, 55.74917],
            [36.99421, 55.74846],
            [36.99501, 55.7483],
            [36.99599, 55.74735],
            [36.99869, 55.74787],
            [36.99893, 55.74767],
            [37.00129, 55.74834],
            [37.00458, 55.74857],
            [37.00603, 55.7496],
            [37.00727, 55.74855],
            [37.00816, 55.74773],
            [37.00794, 55.74775],
            [37.00569, 55.74686],
            [37.00302, 55.74554],
            [37.00301, 55.74542],
            [37.00253, 55.74538],
            [37.00207, 55.74565],
            [37.00151, 55.7454],
            [37.00095, 55.74499],
            [37.00077, 55.74438],
            [37.00123, 55.74418],
            [37.00066, 55.74367],
            [37.00056, 55.74371],
            [36.99991, 55.74357],
            [36.99984, 55.74369],
            [36.9994, 55.74361],
            [36.99938, 55.74349],
            [37.00007, 55.74306],
            [37.00011, 55.74297],
            [36.99949, 55.74315],
            [36.99928, 55.74263],
            [36.99913, 55.74244],
            [36.99928, 55.74227],
            [37.00137, 55.74166],
            [37.00167, 55.74164],
            [37.00199, 55.74198],
            [37.0022, 55.74193],
            [37.00254, 55.74238],
            [37.00279, 55.74259],
            [37.00292, 55.74259],
            [37.00308, 55.74272],
            [37.00319, 55.74272],
            [37.00353, 55.74294],
            [37.0035, 55.74315],
            [37.00358, 55.74315],
            [37.00375, 55.74332],
            [37.00358, 55.74342],
            [37.0042, 55.74389],
            [37.00547, 55.74467],
            [37.00548, 55.74472],
            [37.00606, 55.74503],
            [37.00648, 55.74523],
            [37.00664, 55.74539],
            [37.00677, 55.74544],
            [37.0069, 55.74533],
            [37.00791, 55.74571],
            [37.00805, 55.74581],
            [37.00878, 55.74602],
            [37.00879, 55.74609],
            [37.00952, 55.74621],
            [37.00954, 55.74604],
            [37.00997, 55.74606],
            [37.00993, 55.74627],
            [37.01018, 55.7463],
            [37.01018, 55.74639],
            [37.01047, 55.74643],
            [37.01047, 55.74633],
            [37.01063, 55.74634],
            [37.01099, 55.74641],
            [37.01119, 55.74649],
            [37.01122, 55.74638],
            [37.01149, 55.74642],
            [37.01148, 55.74654],
            [37.01195, 55.74661],
            [37.01245, 55.74665],
            [37.0123, 55.74646],
            [37.01633, 55.74626],
            [37.02023, 55.745],
            [37.02047, 55.74542],
            [37.02384, 55.74293],
            [37.0245, 55.74048],
            [37.02388, 55.73917],
            [37.02299, 55.73631],
            [37.02269, 55.73634],
            [37.02257, 55.73611],
            [37.02288, 55.73606],
            [37.02278, 55.73588],
            [37.02276, 55.73569],
            [37.02197, 55.73491],
            [37.02513, 55.73453],
            [37.02508, 55.73443],
            [37.0254, 55.73438],
            [37.02605, 55.73435],
            [37.02664, 55.73424],
            [37.0278, 55.73421],
            [37.02844, 55.73407],
            [37.0289, 55.73411],
            [37.02912, 55.73396],
            [37.02904, 55.73383],
            [37.02826, 55.734],
            [37.02741, 55.73412],
            [37.02678, 55.73414],
            [37.02574, 55.73402],
            [37.02484, 55.73379],
            [37.02395, 55.73348],
            [37.0233, 55.73311],
            [37.02402, 55.73226],
            [37.02725, 55.73352],
            [37.02976, 55.73221],
            [37.03163, 55.73216],
            [37.03328, 55.73189],
            [37.03473, 55.73196],
            [37.03593, 55.73218],
            [37.03891, 55.73163],
            [37.04014, 55.73122],
            [37.04054, 55.7309],
            [37.04145, 55.73035],
            [37.04338, 55.72853],
            [37.04466, 55.72813],
            [37.04677, 55.72682],
            [37.04786, 55.725],
            [37.04806, 55.72437],
            [37.04824, 55.72344],
            [37.04814, 55.72231],
            [37.04786, 55.72176],
            [37.04701, 55.72117],
            [37.04529, 55.72072],
            [37.04314, 55.72093],
            [37.0432, 55.72011],
            [37.04264, 55.71935],
            [37.04217, 55.71946],
            [37.04143, 55.71945],
            [37.0414, 55.71919],
            [37.04199, 55.7192],
            [37.04259, 55.71906],
            [37.04281, 55.7193],
            [37.0447, 55.71866],
            [37.04553, 55.71857],
            [37.04665, 55.71871],
            [37.04759, 55.71875],
            [37.05159, 55.71821],
            [37.05298, 55.71826],
            [37.05366, 55.71866],
            [37.05403, 55.72017],
            [37.04862, 55.72122],
            [37.04882, 55.72182],
            [37.04993, 55.72189],
            [37.05186, 55.72218],
            [37.05463, 55.72355],
            [37.06078, 55.72324],
            [37.06438, 55.72306],
            [37.06517, 55.72224],
            [37.06523, 55.72224],
            [37.0675, 55.72304],
            [37.0678, 55.72319],
            [37.06822, 55.72289],
            [37.06916, 55.72347],
            [37.06937, 55.72427],
            [37.0693, 55.72599],
            [37.06972, 55.72787],
            [37.07024, 55.72902],
            [37.0719, 55.72981],
            [37.07378, 55.73014],
            [37.07577, 55.72985],
            [37.07902, 55.72835],
            [37.08095, 55.72792],
            [37.08525, 55.72786],
            [37.08847, 55.72721],
            [37.08879, 55.72779],
            [37.08971, 55.72758],
            [37.09323, 55.72769],
            [37.09383, 55.72813],
            [37.09434, 55.72814],
            [37.09506, 55.72808],
            [37.09622, 55.72633],
            [37.09697, 55.72597],
            [37.09877, 55.72581],
            [37.10175, 55.72546],
            [37.10177, 55.72569],
            [37.10186, 55.72577],
            [37.10329, 55.72582],
            [37.10369, 55.72605],
            [37.10408, 55.72631],
            [37.10525, 55.72639],
            [37.10803, 55.72629],
            [37.10816, 55.72625],
            [37.11047, 55.72645],
            [37.11124, 55.72658],
            [37.11255, 55.72698],
            [37.11326, 55.72728],
            [37.11392, 55.72765],
            [37.11454, 55.72782],
            [37.11489, 55.72801],
            [37.11525, 55.72824],
            [37.11526, 55.7284],
            [37.11588, 55.72879],
            [37.11596, 55.72874],
            [37.11722, 55.72958],
            [37.1193, 55.73091],
            [37.11982, 55.7312],
            [37.12034, 55.73168],
            [37.12067, 55.73273],
            [37.11954, 55.73472],
            [37.11597, 55.7361],
            [37.11443, 55.73474],
            [37.11252, 55.73311],
            [37.11107, 55.73218],
            [37.11077, 55.7326],
            [37.11033, 55.73312],
            [37.10808, 55.73437],
            [37.10792, 55.73457],
            [37.10775, 55.73469],
            [37.10647, 55.73416],
            [37.10577, 55.73394],
            [37.10527, 55.73384],
            [37.1048, 55.7338],
            [37.1042, 55.73385],
            [37.10368, 55.73392],
            [37.10321, 55.73403],
            [37.10297, 55.73412],
            [37.1027, 55.73397],
            [37.10525, 55.73252],
            [37.10506, 55.73238],
            [37.10382, 55.73251],
            [37.10325, 55.73249],
            [37.10144, 55.7321],
            [37.10139, 55.73203],
            [37.10099, 55.73187],
            [37.10001, 55.73163],
            [37.09702, 55.73156],
            [37.09631, 55.73159],
            [37.09615, 55.73082],
            [37.09691, 55.73078],
            [37.09671, 55.73051],
            [37.09589, 55.73048],
            [37.09583, 55.73036],
            [37.09528, 55.72964],
            [37.09456, 55.7291],
            [37.09437, 55.72856],
            [37.09295, 55.7293],
            [37.09137, 55.73016],
            [37.09071, 55.7303],
            [37.08867, 55.73042],
            [37.08779, 55.7306],
            [37.08725, 55.73076],
            [37.08593, 55.73146],
            [37.08478, 55.7319],
            [37.08379, 55.73214],
            [37.08245, 55.73246],
            [37.08205, 55.73267],
            [37.08073, 55.7338],
            [37.08026, 55.73436],
            [37.0796, 55.73529],
            [37.08012, 55.73504],
            [37.08051, 55.73527],
            [37.08016, 55.73539],
            [37.08015, 55.73554],
            [37.07981, 55.73564],
            [37.08126, 55.73602],
            [37.08164, 55.73605],
            [37.08256, 55.73727],
            [37.08423, 55.73874],
            [37.08455, 55.73905],
            [37.08431, 55.7391],
            [37.08486, 55.73989],
            [37.0849, 55.74011],
            [37.08546, 55.74062],
            [37.08604, 55.7416],
            [37.08838, 55.74141],
            [37.0896, 55.74121],
            [37.0899, 55.74127],
            [37.09266, 55.74362],
            [37.09323, 55.74345],
            [37.09429, 55.74356],
            [37.0948, 55.74357],
            [37.09552, 55.74359],
            [37.09718, 55.74378],
            [37.09838, 55.74358],
            [37.10466, 55.74226],
            [37.10676, 55.74183],
            [37.10739, 55.74157],
            [37.11207, 55.739],
            [37.11201, 55.73846],
            [37.11163, 55.73801],
            [37.11197, 55.73789],
            [37.11291, 55.73772],
            [37.1164, 55.7375],
            [37.11692, 55.73659],
            [37.12202, 55.73486],
            [37.12173, 55.73401],
            [37.12159, 55.73389],
            [37.12286, 55.73287],
            [37.12687, 55.72883],
            [37.12778, 55.72808],
            [37.12623, 55.72699],
            [37.12497, 55.72643],
            [37.12299, 55.72567],
            [37.12188, 55.72517],
            [37.12169, 55.725],
            [37.12015, 55.72422],
            [37.11929, 55.72386],
            [37.11927, 55.72382],
            [37.12094, 55.72253],
            [37.1211, 55.72232],
            [37.12225, 55.72165],
            [37.12307, 55.7212],
            [37.12038, 55.72021],
            [37.11948, 55.72001],
            [37.1189, 55.72082],
            [37.11856, 55.72076],
            [37.11674, 55.71994],
            [37.11487, 55.71859],
            [37.11209, 55.71706],
            [37.11253, 55.71671],
            [37.11301, 55.7161],
            [37.1108, 55.71592],
            [37.10767, 55.71564],
            [37.10768, 55.71606],
            [37.10658, 55.7158],
            [37.10581, 55.71579],
            [37.10577, 55.71593],
            [37.10562, 55.71613],
            [37.10412, 55.71637],
            [37.10092, 55.71629],
            [37.10068, 55.71623],
            [37.0964, 55.7163],
            [37.0964, 55.71558],
            [37.09387, 55.71566],
            [37.09161, 55.71564],
            [37.09161, 55.71558],
            [37.0855, 55.71535],
            [37.08104, 55.7153],
            [37.08023, 55.71525],
            [37.07925, 55.71513],
            [37.07924, 55.71519],
            [37.07868, 55.7151],
            [37.0776, 55.71586],
            [37.07544, 55.7174],
            [37.07272, 55.71935],
            [37.06949, 55.72164],
            [37.06822, 55.72248],
            [37.06783, 55.72263],
            [37.06541, 55.72172],
            [37.0633, 55.72118],
            [37.06165, 55.72037],
            [37.06014, 55.71888],
            [37.05964, 55.71757],
            [37.05965, 55.71576],
            [37.05918, 55.7134],
            [37.05839, 55.71205],
            [37.05661, 55.71069],
            [37.05454, 55.70976],
            [37.0523, 55.70931],
            [37.04648, 55.70907],
            [37.03997, 55.70884],
            [37.03794, 55.70917],
            [37.03679, 55.70976],
            [37.03539, 55.71107],
            [37.03423, 55.71325],
            [37.03384, 55.71399],
            [37.03269, 55.71375],
            [37.02889, 55.71265],
            [37.0284, 55.7126],
            [37.02751, 55.71233],
            [37.02666, 55.71185],
            [37.02516, 55.7105],
            [37.02466, 55.70973],
            [37.0262, 55.70953],
            [37.02631, 55.70959],
            [37.02664, 55.70956],
            [37.02703, 55.70997],
            [37.02629, 55.71032],
            [37.02672, 55.71083],
            [37.02756, 55.71049],
            [37.02846, 55.71103],
            [37.02832, 55.71156],
            [37.02894, 55.71184],
            [37.02915, 55.71182],
            [37.03127, 55.71036],
            [37.03264, 55.70934],
            [37.03303, 55.7092],
            [37.0333, 55.709],
            [37.03366, 55.70845],
            [37.03527, 55.7075],
            [37.03508, 55.70712],
            [37.03422, 55.70714],
            [37.03413, 55.7072],
            [37.03378, 55.7072],
            [37.03376, 55.70682],
            [37.03441, 55.70681],
            [37.03435, 55.70632],
            [37.0347, 55.70631],
            [37.03469, 55.70623],
            [37.02905, 55.70627],
            [37.02562, 55.70633],
            [37.02347, 55.70643],
            [37.02315, 55.70634],
            [37.02033, 55.70648],
            [37.02034, 55.7068],
            [37.02011, 55.70679],
            [37.02009, 55.70648],
            [37.01741, 55.70656],
            [37.01724, 55.70537],
            [37.01365, 55.7053],
            [37.01107, 55.70532],
            [37.00417, 55.70541],
            [37.00371, 55.70603],
            [37.00322, 55.70624],
            [37.00236, 55.70625],
            [37.0029, 55.70685],
            [37.00292, 55.707],
            [37.00145, 55.70705],
            [37.0008, 55.70715],
            [37.00016, 55.70739],
            [36.99564, 55.71001],
            [36.99204, 55.71209],
            [36.99285, 55.7123],
            [36.99297, 55.7122],
            [36.99372, 55.71232],
            [36.99401, 55.712],
            [36.99588, 55.71231],
            [36.99613, 55.71207],
            [37.99791, 55.71248],
            [37.99803, 55.71229],
            [37.99795, 55.71188],
            [37.99797, 55.71132],
            [37.99751, 55.71106],
            [37.99775, 55.71081],
            [37.99782, 55.71081],
            [37.99814, 55.71051],
            [37.99853, 55.71023],
            [37.99941, 55.70931],
            [37.99969, 55.70889],
            [38.00024, 55.70789],
            [38.00204, 55.70808],
            [38.00193, 55.70919],
            [38.00194, 55.70958],
            [38.00212, 55.70974],
            [38.00234, 55.70979],
            [38.00294, 55.70987],
            [38.00336, 55.71075],
            [38.00191, 55.71101],
            [38.00151, 55.71115],
            [38.00167, 55.71138],
            [38.002, 55.7116],
            [38.00208, 55.71194],
            [38.00094, 55.71193],
            [38.00062, 55.71175],
            [38.00038, 55.71151],
            [38.00002, 55.71156],
            [37.99926, 55.71232],
            [37.99929, 55.71245],
            [37.99911, 55.71248],
            [37.99911, 55.71268],
            [37.99898, 55.71319],
            [37.99951, 55.71345],
            [38.00221, 55.71384],
            [38.00298, 55.71416],
            [38.00335, 55.7138],
            [38.00413, 55.71422],
            [38.00423, 55.71435],
            [38.0038, 55.71456],
            [38.00407, 55.71465],
            [38.00502, 55.71526],
            [38.00506, 55.71545],
            [38.00669, 55.71583],
            [38.00712, 55.71538],
            [38.00734, 55.71527],
            [38.00781, 55.71475],
            [38.01102, 55.71523],
            [38.01194, 55.71465],
            [38.01322, 55.71216],
            [38.01302, 55.71035],
            [38.01109, 55.7104],
            [38.00943, 55.70749],
            [38.01352, 55.7073],
            [38.01352, 55.70679],
            [38.01524, 55.70668],
            [38.01524, 55.7066],
            [38.01586, 55.7066],
            [38.01596, 55.7072],
            [38.01887, 55.70716],
            [38.01888, 55.70712],
            [38.02009, 55.7071],
            [38.02014, 55.70774],
            [38.02024, 55.70799],
            [38.02102, 55.70815],
            [38.02255, 55.70911],
            [38.02202, 55.70971],
            [38.01947, 55.70974],
            [38.01952, 55.71025],
            [38.01481, 55.71037],
            [38.01486, 55.71122],
            [38.01496, 55.71123],
            [38.01527, 55.7115],
            [38.01642, 55.71339],
            [38.01667, 55.7139],
            [38.01737, 55.71566],
            [38.01476, 55.71622],
            [38.01167, 55.71586],
            [38.01192, 55.71651],
            [38.0128, 55.71857],
            [38.01197, 55.72029],
            [38.01214, 55.72042],
            [38.01138, 55.72045],
            [38.01083, 55.72028],
            [38.01036, 55.71987],
            [38.00966, 55.7197],
            [38.00887, 55.71985],
            [38.00832, 55.71982],
            [38.0089, 55.72175],
            [38.00921, 55.72225],
            [38.00936, 55.72269],
            [38.00932, 55.72298],
            [38.00883, 55.7231],
            [38.00706, 55.7232],
            [38.00696, 55.72342],
            [38.00654, 55.72368],
            [38.00672, 55.72479],
            [38.00607, 55.72532],
            [38.00453, 55.72482],
            [38.00036, 55.72326],
            [37.99989, 55.72296],
            [37.99905, 55.72132],
            [37.99898, 55.72105],
            [37.99806, 55.72002],
            [37.99759, 55.71967],
            [37.9967, 55.71926],
            [37.9959, 55.719],
            [37.99518, 55.71888],
            [37.99287, 55.71882],
            [37.99124, 55.71895],
            [37.99099, 55.71909],
            [37.98832, 55.72012],
            [37.98521, 55.72134],
            [37.98465, 55.72095],
            [37.98343, 55.72149],
            [37.98157, 55.72254],
            [37.97869, 55.72337],
            [37.97808, 55.72343],
            [37.97803, 55.72339],
            [37.9774, 55.72351],
            [37.97736, 55.7242],
            [37.97685, 55.72431],
            [37.9763, 55.72415],
            [37.97516, 55.72509],
            [37.97435, 55.7253],
            [37.97286, 55.7256],
            [37.97223, 55.72578],
            [37.97115, 55.72635],
            [37.97065, 55.72654],
            [37.97037, 55.72669],
            [37.97023, 55.72663],
            [37.96885, 55.72743],
            [37.96822, 55.72763],
            [37.96799, 55.72781],
            [37.9669, 55.72805],
            [37.96644, 55.72805],
            [37.96614, 55.72796],
            [37.96336, 55.72775],
            [37.96257, 55.72777],
            [37.96222, 55.72796],
            [37.96339, 55.72951],
            [37.96255, 55.72969],
            [37.96209, 55.72993],
            [37.96275, 55.73125],
            [37.96284, 55.7326],
            [37.96286, 55.73278],
            [37.96327, 55.73372],
            [37.96468, 55.73509],
            [37.96525, 55.73545],
            [37.96719, 55.73602],
            [37.97063, 55.73636],
            [37.97384, 55.73626],
            [37.97767, 55.73556],
            [37.97972, 55.73476],
            [37.9804, 55.734],
            [37.98071, 55.73318],
            [37.98036, 55.73275],
            [37.98066, 55.73211],
            [37.98272, 55.73018],
            [37.98392, 55.72955],
            [37.98451, 55.72869],
            [37.98497, 55.72733],
            [37.98524, 55.72733],
            [37.98565, 55.72733],
            [37.98772, 55.7286],
            [37.99226, 55.73084],
            [37.99355, 55.73156],
            [37.99273, 55.73215],
            [37.99111, 55.73323],
            [37.99116, 55.73325],
            [37.99086, 55.73346],
            [37.99224, 55.7342],
            [37.99543, 55.73592],
            [37.99427, 55.73653],
            [37.99494, 55.73688],
            [37.99544, 55.73664],
            [37.99601, 55.73696],
            [37.99659, 55.73663],
            [37.99936, 55.73836],
            [38.00234, 55.73513],
            [38.00317, 55.73517],
            [38.00473, 55.73744],
            [38.00511, 55.73801],
            [38.00569, 55.73966],
            [38.00455, 55.73987],
            [38.00375, 55.73991],
            [38.00255, 55.73984],
            [37.9987, 55.739],
            [37.9959, 55.73839],
            [37.99534, 55.73834],
            [37.99438, 55.73802],
            [37.99353, 55.73744],
            [37.99222, 55.73627],
            [37.99181, 55.73592],
            [37.9924, 55.73562],
            [37.99133, 55.73497],
            [37.99088, 55.73462],
            [37.9901, 55.73507],
            [37.98956, 55.73474],
            [37.98785, 55.73577],
            [37.98647, 55.73661],
            [37.98637, 55.73661],
            [37.98561, 55.73703],
            [37.98529, 55.73747],
            [37.98455, 55.73819],
            [37.98444, 55.73816],
            [37.98426, 55.73833],
            [37.98395, 55.73853],
            [37.98811, 55.73936],
            [37.9886, 55.73941],
            [37.98902, 55.73941],
            [37.98957, 55.73939],
            [37.98992, 55.73935],
            [37.99007, 55.73957],
            [37.9904, 55.73972],
            [37.99062, 55.73959],
            [37.99112, 55.7396],
            [37.99252, 55.73985],
            [37.99409, 55.74058],
            [37.99279, 55.74142],
            [37.99047, 55.74185],
            [37.99018, 55.74184],
            [37.98914, 55.74145],
            [37.99057, 55.73992],
            [37.99005, 55.73965],
            [37.98979, 55.73964],
            [37.98967, 55.7396],
            [37.98935, 55.73963],
            [37.98862, 55.73962],
            [37.988, 55.73956],
            [37.98654, 55.73928],
            [37.98324, 55.73879],
            [37.98281, 55.73921],
            [37.98229, 55.73904],
            [37.98229, 55.73902],
            [37.98209, 55.73897],
            [37.98217, 55.73885],
            [37.98138, 55.73867],
            [37.98123, 55.73903],
            [37.98069, 55.73958],
            [37.98018, 55.73996],
            [37.97966, 55.74043],
            [37.97864, 55.74128],
            [37.97758, 55.74216],
            [37.97432, 55.74111],
            [37.97547, 55.74009],
            [37.97486, 55.73984],
            [37.97489, 55.7396],
            [37.97519, 55.73968],
            [37.97534, 55.73942],
            [37.97515, 55.73937],
            [37.97522, 55.73922],
            [37.97535, 55.73925],
            [37.97558, 55.73901],
            [37.97591, 55.73868],
            [37.97618, 55.73873],
            [37.97639, 55.73842],
            [37.97371, 55.73829],
            [37.97291, 55.73822],
            [37.97192, 55.73809],
            [37.97046, 55.73779],
            [37.96821, 55.73732],
            [37.96384, 55.73616],
            [37.96365, 55.7359],
            [37.96362, 55.73547],
            [37.96388, 55.7351],
            [37.96354, 55.73498],
            [37.96294, 55.7343],
            [37.96272, 55.73394],
            [37.96242, 55.73361],
            [37.96211, 55.73311],
            [37.962, 55.73275],
            [37.96064, 55.73267],
            [37.9578, 55.73249],
            [37.95613, 55.73238],
            [37.95345, 55.73213],
            [37.95013, 55.73196],
            [37.94825, 55.73181],
            [37.94767, 55.73176],
            [37.94744, 55.73309],
            [37.94727, 55.73389],
            [37.94693, 55.73454],
            [37.94691, 55.73472],
            [37.94719, 55.73491],
            [37.94714, 55.73494],
            [37.94714, 55.73571],
            [37.947, 55.73589],
            [37.94678, 55.73598],
            [37.94646, 55.73639],
            [37.94629, 55.7365],
            [37.94629, 55.73662],
            [37.94403, 55.73669],
            [37.9434, 55.73673],
            [37.93847, 55.73689],
            [37.93549, 55.73699],
            [37.93632, 55.73942],
            [37.93698, 55.73939],
            [37.93744, 55.73914],
            [37.94008, 55.73873],
            [37.9406, 55.73872],
            [37.94103, 55.73881],
            [37.94118, 55.73895],
            [37.94142, 55.74154],
            [37.94147, 55.74223],
            [37.94299, 55.74199],
            [37.94424, 55.74315],
            [37.94358, 55.7433],
            [37.9458, 55.74548],
            [37.94524, 55.74692],
            [37.94631, 55.74743],
            [37.94511, 55.74804],
            [37.94508, 55.7482],
            [37.94551, 55.74855],
            [37.94576, 55.74864],
            [37.94659, 55.74909],
            [37.9468, 55.74895],
            [37.94725, 55.74915],
            [37.94891, 55.75],
            [37.94844, 55.75028],
            [37.94889, 55.75047],
            [37.94876, 55.7506],
            [37.94858, 55.75074],
            [37.94911, 55.75116],
            [37.94902, 55.75134],
            [37.94873, 55.75173],
            [37.94864, 55.75172],
            [37.94856, 55.75182],
            [37.9466, 55.75127],
            [37.94617, 55.7512],
            [37.94558, 55.75181],
            [37.94522, 55.75231],
            [37.94435, 55.75365],
            [37.9442, 55.75467],
            [37.94165, 55.75432],
            [37.94139, 55.75392],
            [37.93996, 55.75377],
            [37.93861, 55.75387],
            [37.93817, 55.75393],
            [37.93806, 55.75371],
            [37.9378, 55.7529],
            [37.93743, 55.75178],
            [37.93735, 55.75178],
            [37.93729, 55.75158],
            [37.93737, 55.75156],
            [37.93669, 55.7495],
            [37.93617, 55.74801],
            [37.93579, 55.74696],
            [37.93563, 55.74645],
            [37.93531, 55.74583],
            [37.93516, 55.74507],
            [37.93506, 55.74471],
            [37.93496, 55.74472],
            [37.93496, 55.74459],
            [37.93502, 55.74459],
            [37.93481, 55.74399],
            [37.93424, 55.74323],
            [37.93366, 55.74261],
            [37.93334, 55.74236],
            [37.93298, 55.7421],
            [37.93231, 55.74166],
            [37.93144, 55.74112],
            [37.93092, 55.74083],
            [37.93082, 55.74071],
            [37.93004, 55.74024],
            [37.92948, 55.73987],
            [37.92764, 55.73874],
            [37.92555, 55.73751],
            [37.92496, 55.73717],
            [37.92486, 55.73717],
            [37.92477, 55.73711],
            [37.92476, 55.73705],
            [37.92428, 55.73677],
            [37.92407, 55.73677],
            [37.92404, 55.73672],
            [37.91848, 55.73682],
            [37.9167, 55.73682],
            [37.91641, 55.73681],
            [37.91496, 55.73663],
            [37.91316, 55.73639],
            [37.9118, 55.73617],
            [37.91143, 55.73613],
            [37.91112, 55.73612],
            [37.9109, 55.7362],
            [37.91068, 55.73636],
            [37.91053, 55.73655],
            [37.91051, 55.73675],
            [37.91071, 55.73738],
            [37.91081, 55.73779],
            [37.91092, 55.73832],
            [37.91089, 55.73847],
            [37.91071, 55.73858],
            [37.91055, 55.73863],
            [37.91037, 55.73879],
            [37.91001, 55.73887],
            [37.9098, 55.73898],
            [37.9097, 55.73907],
            [37.90951, 55.73938],
            [37.90926, 55.74006],
            [37.90913, 55.74026],
            [37.90861, 55.74092],
            [37.90833, 55.74124],
            [37.90821, 55.74131],
            [37.90805, 55.74134],
            [37.90773, 55.74134],
            [37.90737, 55.7413],
            [37.90624, 55.74129],
            [37.90517, 55.74123],
            [37.90507, 55.74098],
            [37.90507, 55.74083],
            [37.90512, 55.74074],
            [37.90534, 55.74063],
            [37.90556, 55.74053],
            [37.9057, 55.74044],
            [37.9059, 55.7402],
            [37.90608, 55.74],
            [37.90627, 55.73988],
            [37.90653, 55.73969],
            [37.90668, 55.73953],
            [37.9068, 55.73937],
            [37.90693, 55.73912],
            [37.90707, 55.73875],
            [37.90713, 55.73849],
            [37.90812, 55.73854],
            [37.91051, 55.73857],
            [37.91066, 55.73853],
            [37.91081, 55.73844],
            [37.91084, 55.73832],
            [37.91072, 55.73779],
            [37.91063, 55.73738],
            [37.91042, 55.73675],
            [37.91045, 55.73654],
            [37.91061, 55.73633],
            [37.91084, 55.73617],
            [37.9111, 55.73607],
            [37.91144, 55.73608],
            [37.91182, 55.73612],
            [37.91318, 55.73634],
            [37.91498, 55.73658],
            [37.91642, 55.73676],
            [37.9167, 55.73677],
            [37.91848, 55.73677],
            [37.92402, 55.73667],
            [37.92398, 55.73657],
            [37.92211, 55.73402],
            [37.92205, 55.734],
            [37.9221, 55.73371],
            [37.92196, 55.73368],
            [37.92117, 55.73283],
            [37.9211, 55.73272],
            [37.91797, 55.73329],
            [37.91783, 55.7329],
            [37.91834, 55.7324],
            [37.91939, 55.73125],
            [37.91891, 55.73105],
            [37.91884, 55.7314],
            [37.91775, 55.73208],
            [37.91703, 55.73239],
            [37.91609, 55.73263],
            [37.9142, 55.73284],
            [37.91344, 55.73281],
            [37.91252, 55.73269],
            [37.9109, 55.73245],
            [37.91007, 55.73227],
            [37.90981, 55.73218],
            [37.9093, 55.73209],
            [37.90891, 55.73216],
            [37.90764, 55.73224],
            [37.90537, 55.73224],
            [37.90407, 55.73215],
            [37.90156, 55.73241],
            [37.89915, 55.73283],
            [37.8972, 55.73311],
            [37.89606, 55.73327],
            [37.89402, 55.73333],
            [37.89243, 55.73337],
            [37.88958, 55.73303],
            [37.88914, 55.73364],
            [37.88808, 55.73444]
          ]
        ]
      }
    },
    {
      "type": "Feature",
      "properties": {
        "name": "Северо-Западный",
        "color": "#F08080",
        "value": "4"
      },
      "geometry": {
        "type": "Polygon",
        "coordinates": [
          [
            [37.33204, 55.84595],
            [37.33205, 55.84598],
            [37.33206, 55.84606],
            [37.3321, 55.84614],
            [37.33211, 55.8462],
            [37.33209, 55.84622],
            [37.33207, 55.84627],
            [37.33208, 55.8463],
            [37.3321, 55.84632],
            [37.33222, 55.84634],
            [37.33227, 55.84637],
            [37.33232, 55.84643],
            [37.33234, 55.84646],
            [37.33238, 55.84649],
            [37.33243, 55.84652],
            [37.33244, 55.84653],
            [37.33246, 55.84655],
            [37.33249, 55.84656],
            [37.33253, 55.84656],
            [37.33255, 55.84657],
            [37.33256, 55.84658],
            [37.33256, 55.84658],
            [37.33256, 55.84661],
            [37.33257, 55.84662],
            [37.33258, 55.84662],
            [37.3326, 55.84663],
            [37.33262, 55.84663],
            [37.33266, 55.84663],
            [37.33267, 55.84663],
            [37.33276, 55.84667],
            [37.33278, 55.84668],
            [37.3328, 55.8467],
            [37.33283, 55.84671],
            [37.33284, 55.84671],
            [37.33285, 55.84671],
            [37.33288, 55.8467],
            [37.3329, 55.84669],
            [37.33294, 55.84669],
            [37.33295, 55.84669],
            [37.33297, 55.84669],
            [37.33301, 55.84671],
            [37.33303, 55.84671],
            [37.33304, 55.84671],
            [37.33307, 55.84671],
            [37.33308, 55.84671],
            [37.3331, 55.84672],
            [37.3331, 55.84673],
            [37.3331, 55.84674],
            [37.33309, 55.84678],
            [37.33309, 55.84678],
            [37.3331, 55.84679],
            [37.33311, 55.8468],
            [37.33314, 55.84681],
            [37.33317, 55.84681],
            [37.33318, 55.84682],
            [37.33318, 55.84682],
            [37.33318, 55.84683],
            [37.33319, 55.84684],
            [37.33324, 55.84687],
            [37.33324, 55.84688],
            [37.33323, 55.8469],
            [37.33323, 55.84694],
            [37.33323, 55.84695],
            [37.33324, 55.84696],
            [37.33324, 55.84697],
            [37.33325, 55.84698],
            [37.33326, 55.84699],
            [37.33327, 55.84699],
            [37.33329, 55.84699],
            [37.33332, 55.84698],
            [37.33334, 55.84698],
            [37.33338, 55.84699],
            [37.3334, 55.84699],
            [37.33343, 55.84699],
            [37.33345, 55.847],
            [37.33346, 55.84701],
            [37.33348, 55.84702],
            [37.33348, 55.84703],
            [37.33348, 55.84704],
            [37.33348, 55.84705],
            [37.33347, 55.84706],
            [37.33344, 55.84707],
            [37.33343, 55.84708],
            [37.33343, 55.84709],
            [37.33342, 55.8471],
            [37.33343, 55.84711],
            [37.33343, 55.84712],
            [37.33341, 55.84714],
            [37.33341, 55.84715],
            [37.33341, 55.84715],
            [37.33342, 55.84716],
            [37.33344, 55.84716],
            [37.33347, 55.84715],
            [37.33351, 55.84715],
            [37.33356, 55.84713],
            [37.33359, 55.84712],
            [37.33361, 55.84712],
            [37.33364, 55.84712],
            [37.33366, 55.84713],
            [37.33371, 55.84715],
            [37.33374, 55.84717],
            [37.33375, 55.84718],
            [37.33375, 55.84721],
            [37.33376, 55.84722],
            [37.33378, 55.84723],
            [37.33379, 55.84724],
            [37.33383, 55.84725],
            [37.33386, 55.84727],
            [37.33389, 55.8473],
            [37.3339, 55.8473],
            [37.33397, 55.84731],
            [37.33401, 55.84732],
            [37.33402, 55.84732],
            [37.33403, 55.84732],
            [37.33404, 55.84733],
            [37.33406, 55.84735],
            [37.33408, 55.84735],
            [37.33408, 55.84736],
            [37.33408, 55.84737],
            [37.3341, 55.84739],
            [37.3341, 55.84741],
            [37.3341, 55.84741],
            [37.33408, 55.84744],
            [37.33406, 55.84745],
            [37.33402, 55.84746],
            [37.33396, 55.84746],
            [37.33395, 55.84747],
            [37.33393, 55.84747],
            [37.33393, 55.84748],
            [37.33393, 55.84749],
            [37.33394, 55.8475],
            [37.33395, 55.84752],
            [37.33396, 55.84753],
            [37.33399, 55.84754],
            [37.33399, 55.84755],
            [37.33399, 55.84755],
            [37.33399, 55.84757],
            [37.33399, 55.84758],
            [37.33398, 55.8476],
            [37.334, 55.84762],
            [37.334, 55.84764],
            [37.334, 55.84764],
            [37.33401, 55.84764],
            [37.33402, 55.84764],
            [37.33405, 55.84763],
            [37.33405, 55.84763],
            [37.33406, 55.84764],
            [37.33407, 55.84765],
            [37.33408, 55.84769],
            [37.33409, 55.8477],
            [37.33411, 55.84772],
            [37.33413, 55.84773],
            [37.33415, 55.84773],
            [37.3342, 55.84774],
            [37.33425, 55.84775],
            [37.33428, 55.84775],
            [37.33432, 55.84775],
            [37.33437, 55.84775],
            [37.33445, 55.84773],
            [37.33448, 55.84772],
            [37.33452, 55.84772],
            [37.33454, 55.84772],
            [37.33455, 55.84772],
            [37.33456, 55.84771],
            [37.33456, 55.84769],
            [37.33458, 55.84768],
            [37.33459, 55.84767],
            [37.33461, 55.84767],
            [37.33462, 55.84767],
            [37.33465, 55.84767],
            [37.33467, 55.84767],
            [37.33469, 55.84767],
            [37.33471, 55.84766],
            [37.33476, 55.84766],
            [37.33478, 55.84766],
            [37.3348, 55.84766],
            [37.33481, 55.84766],
            [37.33482, 55.84766],
            [37.33483, 55.84767],
            [37.33483, 55.8477],
            [37.33484, 55.84771],
            [37.33485, 55.84771],
            [37.33486, 55.84771],
            [37.33489, 55.8477],
            [37.33491, 55.8477],
            [37.33494, 55.84769],
            [37.33497, 55.84768],
            [37.33501, 55.84768],
            [37.33504, 55.84768],
            [37.33506, 55.84767],
            [37.33508, 55.84767],
            [37.33509, 55.84766],
            [37.33511, 55.84766],
            [37.33513, 55.84767],
            [37.33516, 55.84767],
            [37.33522, 55.8477],
            [37.33523, 55.84771],
            [37.33524, 55.84771],
            [37.33525, 55.8477],
            [37.33527, 55.8477],
            [37.33528, 55.84769],
            [37.3353, 55.84769],
            [37.33532, 55.84769],
            [37.33534, 55.8477],
            [37.33536, 55.8477],
            [37.33537, 55.84771],
            [37.33538, 55.84772],
            [37.33539, 55.84773],
            [37.33539, 55.84776],
            [37.3354, 55.84778],
            [37.33541, 55.84778],
            [37.33543, 55.84779],
            [37.33545, 55.84781],
            [37.33546, 55.84782],
            [37.33548, 55.84782],
            [37.3355, 55.84782],
            [37.33554, 55.84779],
            [37.33556, 55.84779],
            [37.33558, 55.84779],
            [37.3356, 55.84779],
            [37.33562, 55.8478],
            [37.33563, 55.84781],
            [37.33564, 55.84782],
            [37.33564, 55.84783],
            [37.33563, 55.84784],
            [37.33562, 55.84785],
            [37.33561, 55.84786],
            [37.3356, 55.84786],
            [37.33559, 55.84787],
            [37.33559, 55.84788],
            [37.33559, 55.84789],
            [37.3356, 55.8479],
            [37.33561, 55.84791],
            [37.33564, 55.84792],
            [37.33567, 55.84793],
            [37.33567, 55.84794],
            [37.33568, 55.84795],
            [37.33568, 55.84797],
            [37.33569, 55.84798],
            [37.3357, 55.84799],
            [37.33571, 55.848],
            [37.33573, 55.848],
            [37.33575, 55.84801],
            [37.33577, 55.84802],
            [37.33578, 55.84802],
            [37.33579, 55.84803],
            [37.33581, 55.84803],
            [37.33583, 55.84803],
            [37.33585, 55.84802],
            [37.33588, 55.84801],
            [37.33589, 55.84801],
            [37.33591, 55.84801],
            [37.33592, 55.84802],
            [37.33594, 55.84803],
            [37.33596, 55.84804],
            [37.33598, 55.84804],
            [37.33601, 55.84805],
            [37.33604, 55.84805],
            [37.33607, 55.84805],
            [37.33609, 55.84806],
            [37.33611, 55.84807],
            [37.33613, 55.84808],
            [37.33614, 55.84807],
            [37.33615, 55.84807],
            [37.33618, 55.84806],
            [37.33621, 55.84804],
            [37.33623, 55.84804],
            [37.33626, 55.84804],
            [37.33628, 55.84804],
            [37.33631, 55.84805],
            [37.33633, 55.84805],
            [37.33636, 55.84804],
            [37.33641, 55.84803],
            [37.33644, 55.84802],
            [37.33646, 55.84802],
            [37.33649, 55.84801],
            [37.33655, 55.848],
            [37.33656, 55.848],
            [37.33658, 55.848],
            [37.3366, 55.848],
            [37.33667, 55.848],
            [37.3367, 55.84801],
            [37.33672, 55.84801],
            [37.33675, 55.84802],
            [37.33677, 55.84803],
            [37.33679, 55.84804],
            [37.3368, 55.84805],
            [37.3368, 55.84806],
            [37.33684, 55.84808],
            [37.33685, 55.84809],
            [37.33685, 55.8481],
            [37.33684, 55.84811],
            [37.33683, 55.84813],
            [37.33684, 55.84813],
            [37.33688, 55.84814],
            [37.33692, 55.84815],
            [37.33696, 55.84815],
            [37.33702, 55.84814],
            [37.33705, 55.84814],
            [37.33708, 55.84814],
            [37.33716, 55.84816],
            [37.33717, 55.84817],
            [37.33717, 55.84818],
            [37.33716, 55.84819],
            [37.33715, 55.8482],
            [37.33716, 55.84822],
            [37.33716, 55.84824],
            [37.33718, 55.84825],
            [37.33718, 55.84827],
            [37.33716, 55.84828],
            [37.33712, 55.84829],
            [37.33712, 55.8483],
            [37.33711, 55.84832],
            [37.33709, 55.84833],
            [37.33707, 55.84834],
            [37.33703, 55.84834],
            [37.337, 55.84834],
            [37.33698, 55.84836],
            [37.33697, 55.84837],
            [37.33697, 55.84838],
            [37.33698, 55.84841],
            [37.33697, 55.84842],
            [37.33696, 55.84843],
            [37.33693, 55.84843],
            [37.33692, 55.84844],
            [37.33692, 55.84844],
            [37.33692, 55.84846],
            [37.33693, 55.84848],
            [37.33694, 55.84849],
            [37.33696, 55.84849],
            [37.33701, 55.84849],
            [37.33702, 55.84849],
            [37.3371, 55.84846],
            [37.33713, 55.84846],
            [37.33715, 55.84846],
            [37.33716, 55.84846],
            [37.33718, 55.84847],
            [37.33718, 55.84848],
            [37.33719, 55.8485],
            [37.3372, 55.84851],
            [37.33721, 55.84851],
            [37.33725, 55.84851],
            [37.33726, 55.84851],
            [37.33728, 55.84852],
            [37.33729, 55.84853],
            [37.3373, 55.84854],
            [37.33731, 55.84858],
            [37.3373, 55.8486],
            [37.33729, 55.84862],
            [37.33727, 55.84863],
            [37.33726, 55.84865],
            [37.33725, 55.84869],
            [37.33725, 55.84872],
            [37.33725, 55.84873],
            [37.33727, 55.84875],
            [37.33733, 55.84879],
            [37.33733, 55.84879],
            [37.33733, 55.8488],
            [37.33735, 55.8488],
            [37.33737, 55.84881],
            [37.33742, 55.8488],
            [37.33744, 55.84881],
            [37.33746, 55.84882],
            [37.33748, 55.84884],
            [37.33749, 55.84884],
            [37.33751, 55.84884],
            [37.33753, 55.84884],
            [37.33755, 55.84885],
            [37.33755, 55.84887],
            [37.33756, 55.84887],
            [37.33758, 55.84887],
            [37.3376, 55.84886],
            [37.33762, 55.84886],
            [37.33763, 55.84886],
            [37.33764, 55.84887],
            [37.33764, 55.84888],
            [37.33765, 55.84889],
            [37.33767, 55.84889],
            [37.33769, 55.84889],
            [37.33771, 55.84889],
            [37.33772, 55.84889],
            [37.33774, 55.8489],
            [37.33775, 55.84891],
            [37.33777, 55.84891],
            [37.33781, 55.84892],
            [37.33788, 55.84896],
            [37.33791, 55.84897],
            [37.33793, 55.84897],
            [37.33795, 55.84897],
            [37.338, 55.84895],
            [37.33808, 55.84891],
            [37.33811, 55.8489],
            [37.33815, 55.84889],
            [37.33819, 55.8489],
            [37.33823, 55.84891],
            [37.33825, 55.84892],
            [37.33827, 55.84894],
            [37.33828, 55.84896],
            [37.33827, 55.84898],
            [37.33826, 55.849],
            [37.33826, 55.84901],
            [37.33827, 55.84903],
            [37.33829, 55.84905],
            [37.3383, 55.84907],
            [37.33831, 55.8491],
            [37.33831, 55.84912],
            [37.3383, 55.84914],
            [37.33827, 55.84916],
            [37.33822, 55.84917],
            [37.33818, 55.84918],
            [37.33816, 55.84918],
            [37.33813, 55.84917],
            [37.33811, 55.84917],
            [37.33809, 55.84918],
            [37.33808, 55.84919],
            [37.33806, 55.84922],
            [37.33805, 55.84923],
            [37.33803, 55.84924],
            [37.33802, 55.84925],
            [37.33801, 55.84927],
            [37.338, 55.84928],
            [37.33796, 55.84927],
            [37.33795, 55.84927],
            [37.33794, 55.84928],
            [37.33793, 55.84931],
            [37.33793, 55.84931],
            [37.33792, 55.84931],
            [37.3379, 55.84931],
            [37.33788, 55.8493],
            [37.33787, 55.84929],
            [37.33785, 55.84929],
            [37.33784, 55.8493],
            [37.33783, 55.84931],
            [37.33783, 55.84933],
            [37.33783, 55.84935],
            [37.33782, 55.84936],
            [37.3378, 55.84937],
            [37.33778, 55.84937],
            [37.33776, 55.84936],
            [37.33775, 55.84935],
            [37.33774, 55.84935],
            [37.33772, 55.84935],
            [37.33771, 55.84936],
            [37.33771, 55.84937],
            [37.33771, 55.84938],
            [37.33772, 55.84939],
            [37.33774, 55.8494],
            [37.33774, 55.84941],
            [37.33773, 55.84941],
            [37.3377, 55.84942],
            [37.33769, 55.84942],
            [37.33768, 55.84943],
            [37.33768, 55.84943],
            [37.33771, 55.84945],
            [37.33771, 55.84945],
            [37.33771, 55.84946],
            [37.3377, 55.84947],
            [37.33768, 55.84947],
            [37.33765, 55.84947],
            [37.33763, 55.84947],
            [37.33763, 55.84948],
            [37.33762, 55.84948],
            [37.33762, 55.84951],
            [37.33761, 55.84952],
            [37.3376, 55.84953],
            [37.33757, 55.84954],
            [37.33756, 55.84954],
            [37.33756, 55.84955],
            [37.33757, 55.84957],
            [37.33756, 55.84958],
            [37.33756, 55.84958],
            [37.33752, 55.84958],
            [37.33751, 55.84958],
            [37.33751, 55.84959],
            [37.33751, 55.8496],
            [37.33752, 55.84961],
            [37.33756, 55.84963],
            [37.33757, 55.84964],
            [37.33757, 55.84964],
            [37.33758, 55.8497],
            [37.33758, 55.84971],
            [37.33759, 55.84972],
            [37.3376, 55.84973],
            [37.33762, 55.84975],
            [37.33763, 55.84976],
            [37.33763, 55.84981],
            [37.33763, 55.84983],
            [37.33764, 55.84984],
            [37.33766, 55.84984],
            [37.33767, 55.84985],
            [37.33768, 55.84985],
            [37.33769, 55.84985],
            [37.33771, 55.84984],
            [37.33771, 55.84983],
            [37.33772, 55.84982],
            [37.33774, 55.84982],
            [37.33776, 55.84981],
            [37.3378, 55.84981],
            [37.33783, 55.84982],
            [37.33788, 55.84984],
            [37.33794, 55.84986],
            [37.33801, 55.84989],
            [37.33805, 55.84992],
            [37.33806, 55.84992],
            [37.33806, 55.84993],
            [37.33807, 55.84994],
            [37.33808, 55.84994],
            [37.3381, 55.84996],
            [37.33815, 55.84999],
            [37.33817, 55.84999],
            [37.33822, 55.84999],
            [37.33824, 55.84999],
            [37.33826, 55.84999],
            [37.33829, 55.84999],
            [37.33831, 55.85],
            [37.33833, 55.85001],
            [37.33834, 55.85003],
            [37.33835, 55.85004],
            [37.33837, 55.85005],
            [37.3384, 55.85005],
            [37.33843, 55.85005],
            [37.33845, 55.85006],
            [37.33847, 55.85006],
            [37.33848, 55.85007],
            [37.33849, 55.85008],
            [37.33849, 55.85009],
            [37.33849, 55.85011],
            [37.33849, 55.85012],
            [37.33851, 55.85012],
            [37.33853, 55.85013],
            [37.33855, 55.85015],
            [37.33856, 55.85015],
            [37.33859, 55.85015],
            [37.3386, 55.85015],
            [37.33861, 55.85016],
            [37.33861, 55.85016],
            [37.33861, 55.85018],
            [37.33861, 55.85019],
            [37.33862, 55.85021],
            [37.33865, 55.85022],
            [37.33868, 55.85023],
            [37.3387, 55.85024],
            [37.33871, 55.85025],
            [37.33871, 55.85026],
            [37.3387, 55.85028],
            [37.3387, 55.8503],
            [37.33871, 55.85032],
            [37.33874, 55.85034],
            [37.33875, 55.85035],
            [37.33881, 55.85037],
            [37.33887, 55.8504],
            [37.33893, 55.85042],
            [37.33897, 55.85044],
            [37.33898, 55.85046],
            [37.33908, 55.85064],
            [37.33909, 55.85068],
            [37.33912, 55.8507],
            [37.33917, 55.85075],
            [37.33927, 55.85081],
            [37.33938, 55.85087],
            [37.33947, 55.85091],
            [37.33956, 55.85095],
            [37.3397, 55.85102],
            [37.33978, 55.85106],
            [37.33985, 55.85111],
            [37.3399, 55.85114],
            [37.33993, 55.85117],
            [37.33995, 55.8512],
            [37.33996, 55.85123],
            [37.33998, 55.85126],
            [37.34001, 55.85128],
            [37.34004, 55.85129],
            [37.34011, 55.85132],
            [37.34017, 55.85134],
            [37.34021, 55.85137],
            [37.34024, 55.8514],
            [37.34027, 55.85142],
            [37.3403, 55.85145],
            [37.34034, 55.85147],
            [37.34038, 55.85149],
            [37.34042, 55.85152],
            [37.34044, 55.85154],
            [37.34046, 55.85157],
            [37.3405, 55.85168],
            [37.34054, 55.85176],
            [37.34057, 55.85182],
            [37.3406, 55.85193],
            [37.34061, 55.85199],
            [37.34061, 55.85202],
            [37.34056, 55.85212],
            [37.34056, 55.85216],
            [37.34056, 55.8522],
            [37.34059, 55.85226],
            [37.34063, 55.8523],
            [37.3407, 55.85238],
            [37.34076, 55.85243],
            [37.34087, 55.85248],
            [37.3409, 55.85251],
            [37.34093, 55.85254],
            [37.34094, 55.85258],
            [37.34095, 55.85261],
            [37.34094, 55.85265],
            [37.34094, 55.85267],
            [37.34091, 55.8527],
            [37.34088, 55.85273],
            [37.34082, 55.85274],
            [37.34075, 55.85276],
            [37.34067, 55.85277],
            [37.34063, 55.85278],
            [37.34059, 55.8528],
            [37.34054, 55.85282],
            [37.34049, 55.85286],
            [37.34046, 55.8529],
            [37.34042, 55.85297],
            [37.3404, 55.85301],
            [37.3404, 55.85305],
            [37.3404, 55.85309],
            [37.34039, 55.85312],
            [37.34037, 55.85317],
            [37.34036, 55.85321],
            [37.34037, 55.85327],
            [37.34037, 55.85332],
            [37.34036, 55.85337],
            [37.34035, 55.85341],
            [37.34032, 55.85347],
            [37.3403, 55.8535],
            [37.34028, 55.85354],
            [37.34027, 55.85357],
            [37.34025, 55.85366],
            [37.34024, 55.85371],
            [37.34023, 55.85373],
            [37.34012, 55.85384],
            [37.34009, 55.85388],
            [37.34007, 55.85393],
            [37.34005, 55.85398],
            [37.34003, 55.85405],
            [37.34004, 55.85414],
            [37.34004, 55.85422],
            [37.34002, 55.8543],
            [37.34002, 55.85437],
            [37.33999, 55.85443],
            [37.33991, 55.85453],
            [37.33984, 55.85461],
            [37.33974, 55.85475],
            [37.33968, 55.85483],
            [37.3396, 55.85495],
            [37.33957, 55.85507],
            [37.33955, 55.85518],
            [37.33958, 55.85534],
            [37.33969, 55.85551],
            [37.34005, 55.85572],
            [37.34022, 55.85584],
            [37.34029, 55.856],
            [37.34028, 55.8561],
            [37.34023, 55.85619],
            [37.34009, 55.85639],
            [37.34007, 55.85647],
            [37.34011, 55.85653],
            [37.34019, 55.85658],
            [37.34029, 55.85666],
            [37.34035, 55.85675],
            [37.34035, 55.85686],
            [37.34035, 55.85697],
            [37.34029, 55.85705],
            [37.34028, 55.85718],
            [37.34034, 55.85732],
            [37.34041, 55.85748],
            [37.34049, 55.85771],
            [37.3406, 55.85795],
            [37.34063, 55.85805],
            [37.3407, 55.85813],
            [37.34082, 55.85822],
            [37.34101, 55.85834],
            [37.34127, 55.85853],
            [37.34136, 55.85857],
            [37.34145, 55.85869],
            [37.34148, 55.85878],
            [37.34145, 55.85897],
            [37.34147, 55.85907],
            [37.34151, 55.85916],
            [37.34161, 55.85924],
            [37.34168, 55.85932],
            [37.34172, 55.85943],
            [37.34175, 55.85955],
            [37.34176, 55.85967],
            [37.34178, 55.85971],
            [37.34183, 55.85975],
            [37.34184, 55.85978],
            [37.34192, 55.86],
            [37.34201, 55.86019],
            [37.34202, 55.86021],
            [37.34216, 55.86026],
            [37.34224, 55.86029],
            [37.34233, 55.86035],
            [37.34248, 55.86044],
            [37.34257, 55.86052],
            [37.34262, 55.86059],
            [37.34519, 55.86131],
            [37.34659, 55.86224],
            [37.34588, 55.86294],
            [37.34641, 55.86306],
            [37.34648, 55.86313],
            [37.34706, 55.86318],
            [37.34783, 55.86343],
            [37.34939, 55.86353],
            [37.34982, 55.8638],
            [37.35789, 55.86426],
            [37.35911, 55.86507],
            [37.35948, 55.86552],
            [37.35987, 55.86586],
            [37.36015, 55.86606],
            [37.36173, 55.86711],
            [37.36232, 55.8675],
            [37.36235, 55.86752],
            [37.36238, 55.86752],
            [37.36242, 55.86753],
            [37.36249, 55.86752],
            [37.36258, 55.86752],
            [37.36261, 55.86753],
            [37.36265, 55.86755],
            [37.36273, 55.86759],
            [37.36277, 55.86762],
            [37.36281, 55.86764],
            [37.36282, 55.86765],
            [37.36284, 55.86765],
            [37.36285, 55.86764],
            [37.36286, 55.86763],
            [37.36286, 55.86759],
            [37.36285, 55.86756],
            [37.36282, 55.86751],
            [37.36281, 55.86746],
            [37.36282, 55.86745],
            [37.36283, 55.86744],
            [37.36288, 55.86743],
            [37.36295, 55.86743],
            [37.36302, 55.86743],
            [37.36305, 55.86743],
            [37.36306, 55.86741],
            [37.36307, 55.86738],
            [37.36308, 55.86736],
            [37.3631, 55.86736],
            [37.36315, 55.86735],
            [37.36323, 55.86735],
            [37.36325, 55.86734],
            [37.36328, 55.86733],
            [37.36335, 55.86732],
            [37.36344, 55.86732],
            [37.3635, 55.86733],
            [37.36354, 55.86735],
            [37.36358, 55.86738],
            [37.36358, 55.8674],
            [37.36356, 55.86742],
            [37.36353, 55.86745],
            [37.36353, 55.86747],
            [37.36356, 55.86749],
            [37.36358, 55.86752],
            [37.3636, 55.86753],
            [37.36362, 55.86754],
            [37.36364, 55.86753],
            [37.36369, 55.8675],
            [37.36374, 55.86748],
            [37.36381, 55.86747],
            [37.36385, 55.86745],
            [37.36388, 55.86743],
            [37.36391, 55.86743],
            [37.36394, 55.86745],
            [37.36394, 55.86748],
            [37.36394, 55.86752],
            [37.36396, 55.86755],
            [37.36398, 55.86758],
            [37.36404, 55.8676],
            [37.3641, 55.86762],
            [37.36415, 55.86763],
            [37.36422, 55.86763],
            [37.3643, 55.86762],
            [37.36436, 55.8676],
            [37.3644, 55.86757],
            [37.36443, 55.86754],
            [37.36445, 55.86754],
            [37.36447, 55.86754],
            [37.36451, 55.86756],
            [37.36455, 55.86758],
            [37.3646, 55.86757],
            [37.36465, 55.86755],
            [37.36471, 55.86751],
            [37.36474, 55.86746],
            [37.36479, 55.86743],
            [37.36484, 55.86741],
            [37.36488, 55.8674],
            [37.36493, 55.8674],
            [37.36498, 55.86742],
            [37.36503, 55.86744],
            [37.36508, 55.86746],
            [37.36512, 55.8675],
            [37.36517, 55.86755],
            [37.36522, 55.86758],
            [37.36524, 55.86761],
            [37.36524, 55.86763],
            [37.36521, 55.86765],
            [37.36516, 55.8677],
            [37.36513, 55.86775],
            [37.3651, 55.8678],
            [37.3651, 55.86783],
            [37.36512, 55.86786],
            [37.36516, 55.86789],
            [37.36521, 55.8679],
            [37.36525, 55.8679],
            [37.3653, 55.86789],
            [37.36535, 55.86786],
            [37.36541, 55.86782],
            [37.36545, 55.8678],
            [37.36548, 55.8678],
            [37.3655, 55.8678],
            [37.36552, 55.8678],
            [37.36554, 55.86783],
            [37.36556, 55.86788],
            [37.36558, 55.86791],
            [37.3656, 55.86792],
            [37.36562, 55.86793],
            [37.36564, 55.86792],
            [37.36568, 55.86791],
            [37.36571, 55.86788],
            [37.36574, 55.86786],
            [37.36576, 55.86786],
            [37.36578, 55.86786],
            [37.36581, 55.86786],
            [37.36582, 55.86789],
            [37.36583, 55.86794],
            [37.36584, 55.86797],
            [37.36586, 55.86798],
            [37.36591, 55.86799],
            [37.36606, 55.86798],
            [37.36611, 55.86797],
            [37.36612, 55.86795],
            [37.36615, 55.86791],
            [37.36618, 55.86789],
            [37.36621, 55.86787],
            [37.36624, 55.86787],
            [37.36629, 55.86788],
            [37.36632, 55.86788],
            [37.36634, 55.86788],
            [37.36635, 55.86786],
            [37.36635, 55.86784],
            [37.36638, 55.86783],
            [37.36644, 55.86782],
            [37.36648, 55.86782],
            [37.36651, 55.86784],
            [37.36654, 55.86786],
            [37.3666, 55.8679],
            [37.36666, 55.86795],
            [37.36671, 55.86799],
            [37.36675, 55.86802],
            [37.36679, 55.86803],
            [37.36684, 55.86803],
            [37.36688, 55.86802],
            [37.3669, 55.86799],
            [37.3669, 55.86793],
            [37.36691, 55.86787],
            [37.36693, 55.86784],
            [37.36696, 55.86782],
            [37.36701, 55.86782],
            [37.36707, 55.86782],
            [37.36716, 55.86782],
            [37.36722, 55.86781],
            [37.36729, 55.86779],
            [37.36734, 55.86778],
            [37.36736, 55.86779],
            [37.36737, 55.86781],
            [37.36734, 55.86783],
            [37.36729, 55.86787],
            [37.36729, 55.8679],
            [37.36728, 55.86793],
            [37.36727, 55.86797],
            [37.36728, 55.868],
            [37.36732, 55.86801],
            [37.36735, 55.86802],
            [37.36739, 55.868],
            [37.36746, 55.86797],
            [37.36752, 55.86793],
            [37.36754, 55.8679],
            [37.36754, 55.86787],
            [37.36751, 55.86785],
            [37.36749, 55.86782],
            [37.36749, 55.86778],
            [37.36753, 55.86775],
            [37.36756, 55.86772],
            [37.36759, 55.86772],
            [37.36761, 55.86773],
            [37.36765, 55.86773],
            [37.3677, 55.86773],
            [37.36775, 55.8677],
            [37.36779, 55.86767],
            [37.36783, 55.86762],
            [37.36784, 55.86758],
            [37.36786, 55.86758],
            [37.36788, 55.86758],
            [37.36792, 55.86759],
            [37.36799, 55.86761],
            [37.36802, 55.86761],
            [37.36806, 55.8676],
            [37.36812, 55.86759],
            [37.36819, 55.86758],
            [37.36825, 55.86758],
            [37.36829, 55.86759],
            [37.36832, 55.86761],
            [37.36835, 55.86762],
            [37.36841, 55.86763],
            [37.36848, 55.86763],
            [37.36852, 55.86763],
            [37.36856, 55.86764],
            [37.36858, 55.86766],
            [37.36859, 55.86768],
            [37.36859, 55.86772],
            [37.3686, 55.86775],
            [37.36863, 55.86778],
            [37.36868, 55.8678],
            [37.36873, 55.86781],
            [37.36878, 55.86782],
            [37.36884, 55.86782],
            [37.36892, 55.86781],
            [37.36902, 55.8678],
            [37.36913, 55.86779],
            [37.36919, 55.8678],
            [37.36924, 55.86779],
            [37.3693, 55.86779],
            [37.36935, 55.86777],
            [37.36938, 55.86776],
            [37.36938, 55.86773],
            [37.36935, 55.8677],
            [37.36931, 55.86765],
            [37.36929, 55.86762],
            [37.36928, 55.8676],
            [37.3693, 55.86758],
            [37.36936, 55.86756],
            [37.3694, 55.86755],
            [37.36946, 55.86755],
            [37.3695, 55.86756],
            [37.36952, 55.86758],
            [37.36954, 55.86759],
            [37.36957, 55.86761],
            [37.36959, 55.86761],
            [37.36962, 55.86761],
            [37.36966, 55.8676],
            [37.36972, 55.86759],
            [37.36976, 55.86759],
            [37.36979, 55.86759],
            [37.3698, 55.86759],
            [37.36981, 55.86761],
            [37.36982, 55.86764],
            [37.36983, 55.86766],
            [37.36986, 55.86767],
            [37.36989, 55.86768],
            [37.36992, 55.86768],
            [37.36995, 55.86767],
            [37.36997, 55.86765],
            [37.36997, 55.86761],
            [37.36998, 55.86756],
            [37.36999, 55.86754],
            [37.36999, 55.8675],
            [37.36999, 55.86747],
            [37.36999, 55.86744],
            [37.37002, 55.86741],
            [37.37006, 55.86739],
            [37.37008, 55.86737],
            [37.37011, 55.86735],
            [37.37014, 55.86735],
            [37.3702, 55.86735],
            [37.37027, 55.86735],
            [37.37036, 55.86734],
            [37.37041, 55.86734],
            [37.37052, 55.86732],
            [37.37062, 55.86731],
            [37.37066, 55.86732],
            [37.37069, 55.86733],
            [37.37074, 55.86736],
            [37.37078, 55.86739],
            [37.37082, 55.86742],
            [37.37085, 55.86742],
            [37.37094, 55.86743],
            [37.37098, 55.86745],
            [37.37103, 55.86747],
            [37.37108, 55.86747],
            [37.37113, 55.86747],
            [37.37119, 55.86745],
            [37.37125, 55.86742],
            [37.37126, 55.86741],
            [37.37129, 55.86737],
            [37.37133, 55.86734],
            [37.37137, 55.86734],
            [37.3714, 55.86734],
            [37.37145, 55.86735],
            [37.3715, 55.86735],
            [37.37152, 55.86734],
            [37.37154, 55.86735],
            [37.37156, 55.86737],
            [37.37154, 55.86739],
            [37.37152, 55.86741],
            [37.37152, 55.86744],
            [37.37155, 55.86746],
            [37.3716, 55.86746],
            [37.37166, 55.86746],
            [37.37169, 55.86748],
            [37.37171, 55.86749],
            [37.37174, 55.8675],
            [37.37177, 55.86751],
            [37.3718, 55.86752],
            [37.37184, 55.86754],
            [37.37187, 55.86755],
            [37.37191, 55.86755],
            [37.37197, 55.86754],
            [37.372, 55.86754],
            [37.37205, 55.86757],
            [37.3721, 55.8676],
            [37.37216, 55.86762],
            [37.37221, 55.86764],
            [37.37225, 55.86766],
            [37.37229, 55.86769],
            [37.37231, 55.86769],
            [37.37234, 55.86767],
            [37.37235, 55.86765],
            [37.37241, 55.86762],
            [37.37252, 55.86757],
            [37.37254, 55.86756],
            [37.37255, 55.86753],
            [37.37251, 55.86752],
            [37.37246, 55.86751],
            [37.37239, 55.86749],
            [37.37236, 55.86748],
            [37.37235, 55.86747],
            [37.37238, 55.86745],
            [37.37245, 55.8674],
            [37.37246, 55.86738],
            [37.37248, 55.86733],
            [37.37251, 55.8673],
            [37.37254, 55.86727],
            [37.37257, 55.86726],
            [37.37262, 55.86724],
            [37.37268, 55.86722],
            [37.37274, 55.86721],
            [37.37279, 55.8672],
            [37.37283, 55.8672],
            [37.37287, 55.8672],
            [37.3729, 55.86721],
            [37.37298, 55.86721],
            [37.37301, 55.8672],
            [37.37303, 55.86718],
            [37.37309, 55.86716],
            [37.37312, 55.86715],
            [37.37315, 55.86716],
            [37.3732, 55.86718],
            [37.37322, 55.86719],
            [37.37325, 55.86718],
            [37.37329, 55.86718],
            [37.37332, 55.86719],
            [37.37336, 55.8672],
            [37.37339, 55.8672],
            [37.37342, 55.86719],
            [37.37345, 55.86719],
            [37.37349, 55.86719],
            [37.37357, 55.86719],
            [37.37361, 55.8672],
            [37.37365, 55.86724],
            [37.37366, 55.86724],
            [37.37371, 55.86725],
            [37.37373, 55.86726],
            [37.37374, 55.86728],
            [37.37373, 55.8673],
            [37.37371, 55.86732],
            [37.37363, 55.86734],
            [37.37361, 55.86735],
            [37.37362, 55.86737],
            [37.37366, 55.86739],
            [37.37369, 55.8674],
            [37.37373, 55.8674],
            [37.37375, 55.86742],
            [37.37378, 55.86745],
            [37.37381, 55.86746],
            [37.37386, 55.86747],
            [37.3739, 55.86745],
            [37.37393, 55.86745],
            [37.37395, 55.86746],
            [37.37396, 55.86749],
            [37.374, 55.86751],
            [37.37402, 55.86752],
            [37.37405, 55.86754],
            [37.37405, 55.86758],
            [37.37406, 55.86759],
            [37.37408, 55.8676],
            [37.37417, 55.86759],
            [37.3742, 55.86759],
            [37.37423, 55.86761],
            [37.37426, 55.86764],
            [37.37429, 55.86768],
            [37.37429, 55.86772],
            [37.3743, 55.86776],
            [37.37432, 55.86778],
            [37.37432, 55.86778],
            [37.37435, 55.86779],
            [37.37444, 55.86778],
            [37.37446, 55.86779],
            [37.37449, 55.86779],
            [37.37454, 55.86781],
            [37.37459, 55.86783],
            [37.37463, 55.86783],
            [37.37465, 55.86782],
            [37.37471, 55.86778],
            [37.37474, 55.86778],
            [37.37476, 55.86778],
            [37.3748, 55.86779],
            [37.37482, 55.8678],
            [37.37484, 55.86781],
            [37.37487, 55.86781],
            [37.37492, 55.86782],
            [37.37497, 55.86782],
            [37.37499, 55.86783],
            [37.37503, 55.86785],
            [37.37508, 55.86788],
            [37.37511, 55.8679],
            [37.37514, 55.86791],
            [37.37521, 55.8679],
            [37.37524, 55.86789],
            [37.37526, 55.86787],
            [37.37529, 55.86784],
            [37.3753, 55.86783],
            [37.37533, 55.86783],
            [37.37538, 55.86784],
            [37.3754, 55.86785],
            [37.37543, 55.86787],
            [37.37546, 55.86787],
            [37.37547, 55.86786],
            [37.37551, 55.86783],
            [37.37555, 55.86782],
            [37.37557, 55.86783],
            [37.37569, 55.86786],
            [37.37575, 55.86788],
            [37.37579, 55.8679],
            [37.3758, 55.86795],
            [37.37581, 55.86797],
            [37.3758, 55.868],
            [37.37581, 55.86802],
            [37.37584, 55.86803],
            [37.37594, 55.86803],
            [37.37597, 55.86802],
            [37.37602, 55.868],
            [37.37606, 55.868],
            [37.37608, 55.868],
            [37.3761, 55.86802],
            [37.37612, 55.86803],
            [37.37616, 55.86803],
            [37.37621, 55.86803],
            [37.37624, 55.86802],
            [37.37628, 55.868],
            [37.3763, 55.868],
            [37.37634, 55.86802],
            [37.37635, 55.86804],
            [37.37635, 55.86807],
            [37.37636, 55.86809],
            [37.37642, 55.86812],
            [37.37647, 55.86812],
            [37.37652, 55.86811],
            [37.37654, 55.86812],
            [37.37656, 55.86816],
            [37.37658, 55.86818],
            [37.3766, 55.86818],
            [37.37663, 55.86817],
            [37.37665, 55.86816],
            [37.37667, 55.86816],
            [37.37669, 55.86816],
            [37.37674, 55.8682],
            [37.37675, 55.86821],
            [37.37676, 55.86823],
            [37.37676, 55.86825],
            [37.37674, 55.86827],
            [37.37673, 55.86829],
            [37.37675, 55.86831],
            [37.37678, 55.86832],
            [37.37681, 55.86832],
            [37.37684, 55.86831],
            [37.37688, 55.86829],
            [37.37694, 55.86825],
            [37.37698, 55.86823],
            [37.377, 55.86823],
            [37.37702, 55.86823],
            [37.37705, 55.86823],
            [37.37711, 55.86826],
            [37.37716, 55.86829],
            [37.3772, 55.86829],
            [37.3773, 55.86829],
            [37.37735, 55.86829],
            [37.37737, 55.8683],
            [37.37742, 55.86834],
            [37.37746, 55.86836],
            [37.37749, 55.86836],
            [37.37752, 55.86835],
            [37.37756, 55.86834],
            [37.37759, 55.86833],
            [37.37761, 55.86831],
            [37.37761, 55.86827],
            [37.37763, 55.86825],
            [37.37764, 55.86824],
            [37.37766, 55.86823],
            [37.37769, 55.86822],
            [37.3777, 55.86821],
            [37.3777, 55.8682],
            [37.37766, 55.86817],
            [37.37765, 55.86816],
            [37.37765, 55.86815],
            [37.37767, 55.86813],
            [37.37769, 55.86812],
            [37.37774, 55.86811],
            [37.37778, 55.8681],
            [37.37786, 55.86809],
            [37.37789, 55.86808],
            [37.3779, 55.86806],
            [37.37791, 55.86804],
            [37.37793, 55.86802],
            [37.37794, 55.86801],
            [37.37797, 55.868],
            [37.37799, 55.868],
            [37.37801, 55.86801],
            [37.37803, 55.86802],
            [37.37806, 55.86805],
            [37.37808, 55.86807],
            [37.37812, 55.86807],
            [37.37815, 55.86807],
            [37.37821, 55.86805],
            [37.37824, 55.86804],
            [37.37828, 55.86804],
            [37.37832, 55.86804],
            [37.37835, 55.86805],
            [37.37836, 55.86806],
            [37.37837, 55.8681],
            [37.3784, 55.86812],
            [37.37843, 55.86814],
            [37.37847, 55.86814],
            [37.3785, 55.86814],
            [37.37853, 55.86814],
            [37.37855, 55.86813],
            [37.37857, 55.86812],
            [37.37858, 55.86812],
            [37.37858, 55.86811],
            [37.37859, 55.86809],
            [37.3786, 55.86808],
            [37.37861, 55.86807],
            [37.37862, 55.86806],
            [37.37864, 55.86806],
            [37.37865, 55.86806],
            [37.37866, 55.86806],
            [37.37869, 55.86806],
            [37.37869, 55.86805],
            [37.37868, 55.86801],
            [37.37867, 55.868],
            [37.37865, 55.868],
            [37.37859, 55.86802],
            [37.37856, 55.86803],
            [37.37854, 55.86803],
            [37.37852, 55.86801],
            [37.37848, 55.868],
            [37.37846, 55.86797],
            [37.37845, 55.86796],
            [37.37846, 55.86794],
            [37.37848, 55.86793],
            [37.37852, 55.86792],
            [37.37862, 55.86791],
            [37.37871, 55.8679],
            [37.37882, 55.86789],
            [37.37886, 55.86788],
            [37.37887, 55.86787],
            [37.37889, 55.86785],
            [37.37888, 55.86783],
            [37.37887, 55.86782],
            [37.37885, 55.86781],
            [37.37872, 55.8678],
            [37.37867, 55.86778],
            [37.37861, 55.86776],
            [37.3786, 55.86775],
            [37.37861, 55.86774],
            [37.37862, 55.86773],
            [37.37889, 55.86772],
            [37.37893, 55.8677],
            [37.37897, 55.86767],
            [37.379, 55.86763],
            [37.37901, 55.86759],
            [37.37903, 55.86757],
            [37.37933, 55.8674],
            [37.37941, 55.86735],
            [37.37941, 55.86733],
            [37.3794, 55.86732],
            [37.37938, 55.8673],
            [37.3793, 55.86729],
            [37.37922, 55.86729],
            [37.37922, 55.86729],
            [37.37925, 55.86722],
            [37.37924, 55.86718],
            [37.37927, 55.86717],
            [37.37929, 55.86716],
            [37.37932, 55.86714],
            [37.37934, 55.86713],
            [37.37932, 55.8671],
            [37.37929, 55.86708],
            [37.37927, 55.86705],
            [37.37927, 55.86704],
            [37.37929, 55.86702],
            [37.37932, 55.86699],
            [37.37932, 55.86696],
            [37.37931, 55.86694],
            [37.37926, 55.86692],
            [37.3792, 55.86689],
            [37.37915, 55.86688],
            [37.37911, 55.86687],
            [37.37907, 55.86687],
            [37.37905, 55.86688],
            [37.37906, 55.86689],
            [37.37909, 55.8669],
            [37.37915, 55.86692],
            [37.37917, 55.86694],
            [37.3792, 55.86696],
            [37.37921, 55.86698],
            [37.37921, 55.867],
            [37.3792, 55.86701],
            [37.37916, 55.86702],
            [37.37911, 55.86703],
            [37.37908, 55.86704],
            [37.37905, 55.86704],
            [37.37901, 55.86703],
            [37.37899, 55.86702],
            [37.37895, 55.867],
            [37.37892, 55.86699],
            [37.37892, 55.86697],
            [37.3789, 55.86697],
            [37.37886, 55.86697],
            [37.37873, 55.86699],
            [37.37869, 55.867],
            [37.37867, 55.867],
            [37.37863, 55.867],
            [37.37861, 55.86699],
            [37.37858, 55.86698],
            [37.37859, 55.86696],
            [37.37861, 55.86695],
            [37.37864, 55.86695],
            [37.37866, 55.86694],
            [37.37867, 55.86692],
            [37.37871, 55.86689],
            [37.37871, 55.86688],
            [37.37869, 55.86688],
            [37.37868, 55.86688],
            [37.37864, 55.86688],
            [37.37853, 55.86692],
            [37.3785, 55.86692],
            [37.37846, 55.86692],
            [37.37842, 55.86693],
            [37.37836, 55.86692],
            [37.37833, 55.86692],
            [37.37834, 55.86691],
            [37.37835, 55.86688],
            [37.37837, 55.86687],
            [37.37845, 55.86684],
            [37.37845, 55.86681],
            [37.37844, 55.8668],
            [37.37844, 55.86676],
            [37.37842, 55.86672],
            [37.3784, 55.86669],
            [37.37837, 55.86667],
            [37.37834, 55.86665],
            [37.37832, 55.86663],
            [37.37832, 55.86661],
            [37.37833, 55.86658],
            [37.37832, 55.86657],
            [37.37831, 55.86657],
            [37.37828, 55.86656],
            [37.37826, 55.86657],
            [37.37824, 55.8666],
            [37.37823, 55.86662],
            [37.3782, 55.86665],
            [37.37819, 55.86665],
            [37.37816, 55.86664],
            [37.37814, 55.86662],
            [37.37811, 55.8666],
            [37.37807, 55.86659],
            [37.37803, 55.86658],
            [37.37802, 55.86657],
            [37.37801, 55.86656],
            [37.37802, 55.86654],
            [37.37805, 55.86654],
            [37.37809, 55.86653],
            [37.37812, 55.86653],
            [37.37816, 55.86652],
            [37.37819, 55.86649],
            [37.37821, 55.86647],
            [37.37823, 55.86645],
            [37.37823, 55.86641],
            [37.37823, 55.86636],
            [37.37827, 55.86628],
            [37.37825, 55.86627],
            [37.37822, 55.86624],
            [37.3782, 55.86622],
            [37.3782, 55.8662],
            [37.37822, 55.86619],
            [37.37833, 55.86616],
            [37.37835, 55.86614],
            [37.37835, 55.86612],
            [37.37835, 55.86609],
            [37.37833, 55.86606],
            [37.37831, 55.86604],
            [37.37823, 55.86602],
            [37.37816, 55.86601],
            [37.37807, 55.866],
            [37.37801, 55.866],
            [37.37798, 55.86599],
            [37.37794, 55.86598],
            [37.37791, 55.86595],
            [37.37792, 55.86591],
            [37.37795, 55.86589],
            [37.37802, 55.86586],
            [37.37815, 55.86583],
            [37.37815, 55.86577],
            [37.37812, 55.86572],
            [37.37804, 55.8656],
            [37.378, 55.86549],
            [37.37798, 55.86545],
            [37.37793, 55.86531],
            [37.37793, 55.86522],
            [37.37793, 55.86519],
            [37.37795, 55.86513],
            [37.37796, 55.86512],
            [37.37798, 55.86509],
            [37.37774, 55.86506],
            [37.37764, 55.86501],
            [37.37756, 55.86495],
            [37.3775, 55.86489],
            [37.37746, 55.8648],
            [37.37745, 55.86472],
            [37.37747, 55.86461],
            [37.37751, 55.86453],
            [37.37756, 55.86446],
            [37.3776, 55.8644],
            [37.37766, 55.86437],
            [37.37776, 55.86434],
            [37.3779, 55.86432],
            [37.37797, 55.86427],
            [37.37802, 55.86423],
            [37.37803, 55.86413],
            [37.37809, 55.86403],
            [37.37821, 55.86396],
            [37.3785, 55.86388],
            [37.37872, 55.8638],
            [37.37902, 55.86371],
            [37.37916, 55.86363],
            [37.37922, 55.86356],
            [37.37937, 55.86349],
            [37.3797, 55.86336],
            [37.37977, 55.86329],
            [37.37981, 55.86321],
            [37.37981, 55.86312],
            [37.37977, 55.86303],
            [37.37971, 55.86295],
            [37.3796, 55.86282],
            [37.37949, 55.86273],
            [37.37935, 55.86266],
            [37.37912, 55.86256],
            [37.37877, 55.86243],
            [37.37863, 55.86237],
            [37.37847, 55.8623],
            [37.37837, 55.86222],
            [37.37827, 55.86213],
            [37.3782, 55.86207],
            [37.37817, 55.86199],
            [37.37817, 55.86194],
            [37.37819, 55.86189],
            [37.37822, 55.86176],
            [37.37822, 55.86168],
            [37.37821, 55.86153],
            [37.37824, 55.86139],
            [37.3783, 55.86126],
            [37.37833, 55.86117],
            [37.37835, 55.86106],
            [37.3784, 55.86096],
            [37.37848, 55.86085],
            [37.37858, 55.86072],
            [37.37865, 55.86067],
            [37.37874, 55.86062],
            [37.37888, 55.86056],
            [37.37898, 55.86049],
            [37.37916, 55.86038],
            [37.37934, 55.8603],
            [37.3795, 55.86024],
            [37.37964, 55.86014],
            [37.37975, 55.86006],
            [37.37987, 55.85997],
            [37.37995, 55.8599],
            [37.38, 55.85984],
            [37.38004, 55.85975],
            [37.38005, 55.85962],
            [37.38003, 55.85947],
            [37.38001, 55.85938],
            [37.37993, 55.8593],
            [37.37985, 55.85926],
            [37.37971, 55.85922],
            [37.37954, 55.8592],
            [37.37939, 55.85917],
            [37.37915, 55.85911],
            [37.37894, 55.85902],
            [37.37875, 55.85897],
            [37.37849, 55.85888],
            [37.37821, 55.8588],
            [37.37803, 55.85874],
            [37.37785, 55.85866],
            [37.37768, 55.85858],
            [37.37748, 55.85853],
            [37.37721, 55.85845],
            [37.377, 55.85839],
            [37.37676, 55.85831],
            [37.37663, 55.85825],
            [37.37652, 55.85818],
            [37.37645, 55.85807],
            [37.37641, 55.85793],
            [37.3764, 55.85783],
            [37.37638, 55.85774],
            [37.37627, 55.85756],
            [37.37623, 55.8575],
            [37.37616, 55.85748],
            [37.37609, 55.85747],
            [37.37602, 55.85742],
            [37.37598, 55.85738],
            [37.37597, 55.8573],
            [37.37594, 55.85721],
            [37.37588, 55.85708],
            [37.37586, 55.85699],
            [37.37587, 55.85694],
            [37.37592, 55.85687],
            [37.376, 55.85684],
            [37.37607, 55.8568],
            [37.37612, 55.85671],
            [37.37616, 55.85661],
            [37.3762, 55.85643],
            [37.37619, 55.85637],
            [37.37618, 55.85631],
            [37.37614, 55.85622],
            [37.37607, 55.85613],
            [37.37599, 55.85606],
            [37.37589, 55.856],
            [37.37561, 55.85586],
            [37.37537, 55.85577],
            [37.3752, 55.8557],
            [37.37507, 55.85564],
            [37.37495, 55.85555],
            [37.37484, 55.85545],
            [37.37482, 55.85537],
            [37.37482, 55.8553],
            [37.37485, 55.85525],
            [37.37493, 55.85517],
            [37.37507, 55.85508],
            [37.37559, 55.85483],
            [37.37604, 55.85457],
            [37.37618, 55.85451],
            [37.3764, 55.85443],
            [37.37654, 55.8544],
            [37.37676, 55.85437],
            [37.37693, 55.85435],
            [37.37715, 55.85435],
            [37.37744, 55.85434],
            [37.37754, 55.85433],
            [37.37772, 55.8543],
            [37.37787, 55.85425],
            [37.37798, 55.8542],
            [37.37812, 55.8541],
            [37.37825, 55.85402],
            [37.37851, 55.85387],
            [37.37878, 55.85375],
            [37.37898, 55.85364],
            [37.37911, 55.85356],
            [37.37923, 55.85352],
            [37.37941, 55.85349],
            [37.37957, 55.85349],
            [37.37987, 55.85347],
            [37.3801, 55.85349],
            [37.38035, 55.85355],
            [37.38053, 55.85362],
            [37.38083, 55.85381],
            [37.38104, 55.85394],
            [37.38125, 55.85412],
            [37.38136, 55.85423],
            [37.38153, 55.85436],
            [37.3817, 55.85447],
            [37.38181, 55.85454],
            [37.38197, 55.85457],
            [37.38263, 55.85463],
            [37.38273, 55.85463],
            [37.38287, 55.85463],
            [37.38304, 55.85463],
            [37.38324, 55.85463],
            [37.38343, 55.85462],
            [37.38368, 55.85457],
            [37.38394, 55.85457],
            [37.38409, 55.85457],
            [37.38419, 55.85457],
            [37.3843, 55.85456],
            [37.38472, 55.8545],
            [37.3848, 55.85449],
            [37.38497, 55.85447],
            [37.38509, 55.85447],
            [37.38519, 55.85447],
            [37.38532, 55.85447],
            [37.3854, 55.85448],
            [37.38552, 55.85451],
            [37.38564, 55.85458],
            [37.38592, 55.85471],
            [37.38598, 55.85477],
            [37.38602, 55.85485],
            [37.38604, 55.85494],
            [37.38613, 55.85505],
            [37.38619, 55.85517],
            [37.3863, 55.85534],
            [37.38641, 55.85544],
            [37.38651, 55.85556],
            [37.38657, 55.85563],
            [37.38664, 55.85569],
            [37.38671, 55.85575],
            [37.3868, 55.85579],
            [37.38691, 55.85583],
            [37.38701, 55.85585],
            [37.38717, 55.85586],
            [37.38725, 55.85586],
            [37.38737, 55.85585],
            [37.3875, 55.85582],
            [37.38759, 55.8558],
            [37.38768, 55.85576],
            [37.38776, 55.85573],
            [37.38785, 55.85568],
            [37.38791, 55.85563],
            [37.38796, 55.85556],
            [37.38842, 55.85524],
            [37.38862, 55.85507],
            [37.38884, 55.85488],
            [37.38912, 55.85469],
            [37.38936, 55.85445],
            [37.3896, 55.8543],
            [37.38982, 55.8542],
            [37.38997, 55.85416],
            [37.39009, 55.85414],
            [37.39021, 55.85414],
            [37.39036, 55.85416],
            [37.39081, 55.85443],
            [37.39126, 55.85474],
            [37.39142, 55.85485],
            [37.39165, 55.85495],
            [37.39206, 55.85501],
            [37.39252, 55.85501],
            [37.39299, 55.85499],
            [37.39327, 55.85495],
            [37.39348, 55.85492],
            [37.39364, 55.85487],
            [37.3938, 55.85478],
            [37.39394, 55.85469],
            [37.39406, 55.85456],
            [37.39411, 55.85443],
            [37.39456, 55.8544],
            [37.39469, 55.85453],
            [37.39535, 55.85584],
            [37.3961, 55.85735],
            [37.39764, 55.85997],
            [37.3996, 55.8623],
            [37.40166, 55.86447],
            [37.40508, 55.86724],
            [37.40685, 55.86843],
            [37.40933, 55.86989],
            [37.41143, 55.87096],
            [37.40632, 55.87426],
            [37.404, 55.87597],
            [37.3999, 55.87645],
            [37.39557, 55.87702],
            [37.39541, 55.87712],
            [37.39538, 55.87712],
            [37.39444, 55.87724],
            [37.3906, 55.87744],
            [37.38632, 55.87766],
            [37.38487, 55.87774],
            [37.38324, 55.8779],
            [37.3832, 55.87783],
            [37.38231, 55.87788],
            [37.38217, 55.87787],
            [37.38202, 55.87795],
            [37.38167, 55.87809],
            [37.38159, 55.87815],
            [37.38139, 55.87821],
            [37.38125, 55.8782],
            [37.38117, 55.87822],
            [37.38106, 55.87828],
            [37.38094, 55.87841],
            [37.38083, 55.87864],
            [37.38078, 55.87872],
            [37.38076, 55.87877],
            [37.38075, 55.87886],
            [37.38073, 55.87893],
            [37.38071, 55.879],
            [37.38068, 55.87906],
            [37.38065, 55.87912],
            [37.38062, 55.87917],
            [37.38056, 55.87926],
            [37.38053, 55.8793],
            [37.38042, 55.8794],
            [37.3802, 55.87956],
            [37.38009, 55.87964],
            [37.38005, 55.87972],
            [37.37999, 55.87981],
            [37.37992, 55.87989],
            [37.37983, 55.87994],
            [37.37972, 55.87997],
            [37.3796, 55.87999],
            [37.37942, 55.87999],
            [37.37929, 55.87997],
            [37.37912, 55.87995],
            [37.37884, 55.88008],
            [37.37875, 55.88011],
            [37.37856, 55.88011],
            [37.37835, 55.88011],
            [37.37817, 55.88016],
            [37.37805, 55.88021],
            [37.37794, 55.88027],
            [37.37788, 55.88033],
            [37.37784, 55.88039],
            [37.37779, 55.88046],
            [37.3776, 55.88062],
            [37.37737, 55.88075],
            [37.37705, 55.88093],
            [37.37687, 55.88102],
            [37.37667, 55.88108],
            [37.37621, 55.88117],
            [37.37596, 55.88126],
            [37.37585, 55.88129],
            [37.37573, 55.88127],
            [37.37558, 55.88121],
            [37.37545, 55.88118],
            [37.37532, 55.88117],
            [37.37518, 55.88119],
            [37.37505, 55.8812],
            [37.37488, 55.88123],
            [37.37455, 55.88132],
            [37.37443, 55.88136],
            [37.37428, 55.88138],
            [37.37402, 55.88137],
            [37.3738, 55.88135],
            [37.37361, 55.88136],
            [37.37341, 55.8814],
            [37.37296, 55.8815],
            [37.37292, 55.88152],
            [37.37286, 55.88154],
            [37.37282, 55.88158],
            [37.37276, 55.88162],
            [37.3727, 55.88169],
            [37.37265, 55.88179],
            [37.37258, 55.8819],
            [37.37255, 55.88197],
            [37.37253, 55.88201],
            [37.3725, 55.88206],
            [37.37245, 55.88219],
            [37.37244, 55.88225],
            [37.37241, 55.88233],
            [37.37235, 55.88249],
            [37.37231, 55.88257],
            [37.37223, 55.88266],
            [37.37218, 55.88271],
            [37.37212, 55.88276],
            [37.37205, 55.8828],
            [37.37198, 55.88283],
            [37.37192, 55.88286],
            [37.37185, 55.88291],
            [37.37175, 55.88298],
            [37.37158, 55.88306],
            [37.37148, 55.88315],
            [37.37138, 55.88324],
            [37.37133, 55.8833],
            [37.37131, 55.88337],
            [37.37129, 55.88342],
            [37.37126, 55.88349],
            [37.37124, 55.88352],
            [37.37123, 55.88358],
            [37.37122, 55.88363],
            [37.37122, 55.88369],
            [37.37122, 55.88376],
            [37.37123, 55.88383],
            [37.37126, 55.88394],
            [37.37141, 55.88417],
            [37.37155, 55.88434],
            [37.37168, 55.88446],
            [37.37193, 55.8846],
            [37.37207, 55.88474],
            [37.37219, 55.8849],
            [37.37238, 55.88509],
            [37.37256, 55.88518],
            [37.37278, 55.88526],
            [37.37296, 55.88537],
            [37.37304, 55.88551],
            [37.37318, 55.88566],
            [37.37341, 55.88582],
            [37.37381, 55.88599],
            [37.37431, 55.88631],
            [37.37449, 55.88653],
            [37.37457, 55.88664],
            [37.37463, 55.8867],
            [37.37472, 55.8868],
            [37.37473, 55.88682],
            [37.37477, 55.88693],
            [37.37476, 55.88698],
            [37.37469, 55.88708],
            [37.37461, 55.88719],
            [37.37445, 55.88732],
            [37.37433, 55.88735],
            [37.37421, 55.8874],
            [37.37418, 55.88737],
            [37.37396, 55.8874],
            [37.37361, 55.88743],
            [37.37327, 55.88744],
            [37.37288, 55.88749],
            [37.37268, 55.88755],
            [37.37256, 55.88765],
            [37.37252, 55.88778],
            [37.37255, 55.88792],
            [37.37253, 55.88809],
            [37.3726, 55.8882],
            [37.37273, 55.88832],
            [37.37277, 55.88841],
            [37.37279, 55.88856],
            [37.37278, 55.88883],
            [37.37269, 55.88926],
            [37.37274, 55.88939],
            [37.373, 55.88958],
            [37.37319, 55.88973],
            [37.37334, 55.88987],
            [37.37339, 55.88994],
            [37.37348, 55.89007],
            [37.37341, 55.8903],
            [37.37319, 55.89054],
            [37.37303, 55.89076],
            [37.37294, 55.89098],
            [37.37294, 55.8911],
            [37.37301, 55.89123],
            [37.37321, 55.89133],
            [37.37351, 55.89139],
            [37.37382, 55.89144],
            [37.37403, 55.89146],
            [37.37423, 55.89147],
            [37.37475, 55.89156],
            [37.37495, 55.89158],
            [37.37512, 55.8916],
            [37.37559, 55.89172],
            [37.37622, 55.89193],
            [37.37664, 55.8921],
            [37.37696, 55.89226],
            [37.37718, 55.8924],
            [37.37729, 55.89248],
            [37.37735, 55.8926],
            [37.37739, 55.89272],
            [37.37739, 55.89284],
            [37.3773, 55.89298],
            [37.37715, 55.89308],
            [37.37674, 55.89327],
            [37.37643, 55.89351],
            [37.37624, 55.89365],
            [37.37603, 55.8938],
            [37.37586, 55.89397],
            [37.37559, 55.89423],
            [37.37518, 55.89455],
            [37.37503, 55.89467],
            [37.37492, 55.89475],
            [37.37476, 55.89483],
            [37.37435, 55.89499],
            [37.37414, 55.89507],
            [37.37398, 55.8951],
            [37.37375, 55.89511],
            [37.37351, 55.8951],
            [37.37325, 55.89508],
            [37.37285, 55.89503],
            [37.37239, 55.89496],
            [37.37218, 55.89494],
            [37.37202, 55.89495],
            [37.37187, 55.89498],
            [37.37169, 55.89503],
            [37.37152, 55.89505],
            [37.37135, 55.89504],
            [37.37118, 55.89502],
            [37.37104, 55.89499],
            [37.37092, 55.89494],
            [37.37081, 55.8949],
            [37.3706, 55.89485],
            [37.37041, 55.89482],
            [37.37031, 55.89481],
            [37.37026, 55.8948],
            [37.37003, 55.89479],
            [37.36986, 55.89474],
            [37.36972, 55.89467],
            [37.3695, 55.89455],
            [37.3692, 55.89447],
            [37.36888, 55.89443],
            [37.3685, 55.89439],
            [37.36817, 55.89434],
            [37.36783, 55.8943],
            [37.36754, 55.89429],
            [37.36741, 55.89427],
            [37.36728, 55.89427],
            [37.36719, 55.89428],
            [37.36713, 55.89432],
            [37.36704, 55.8944],
            [37.36697, 55.89446],
            [37.36689, 55.8945],
            [37.36683, 55.89452],
            [37.36674, 55.89452],
            [37.36662, 55.8945],
            [37.36651, 55.89446],
            [37.3664, 55.89445],
            [37.36627, 55.89448],
            [37.36617, 55.89454],
            [37.36596, 55.89463],
            [37.36586, 55.89467],
            [37.36572, 55.8947],
            [37.36564, 55.89473],
            [37.36557, 55.89478],
            [37.36553, 55.89483],
            [37.3655, 55.8949],
            [37.36549, 55.89497],
            [37.3655, 55.89504],
            [37.36554, 55.89518],
            [37.36561, 55.89535],
            [37.36565, 55.89546],
            [37.36567, 55.89552],
            [37.36571, 55.89564],
            [37.36572, 55.89583],
            [37.36571, 55.89597],
            [37.3657, 55.89605],
            [37.36565, 55.89613],
            [37.36553, 55.89626],
            [37.36547, 55.8964],
            [37.36552, 55.89662],
            [37.36561, 55.89668],
            [37.36577, 55.8967],
            [37.36627, 55.89672],
            [37.36645, 55.89674],
            [37.36662, 55.89675],
            [37.36671, 55.89676],
            [37.36701, 55.89688],
            [37.36727, 55.897],
            [37.3674, 55.89707],
            [37.36749, 55.89714],
            [37.36754, 55.89722],
            [37.36755, 55.89726],
            [37.36757, 55.8973],
            [37.36758, 55.89736],
            [37.36756, 55.89744],
            [37.36749, 55.8975],
            [37.36743, 55.89757],
            [37.36743, 55.89765],
            [37.36747, 55.89772],
            [37.36758, 55.8978],
            [37.36764, 55.89789],
            [37.36766, 55.89794],
            [37.36763, 55.89804],
            [37.36753, 55.89818],
            [37.36721, 55.89838],
            [37.36689, 55.89858],
            [37.36661, 55.89866],
            [37.36602, 55.89888],
            [37.36585, 55.89901],
            [37.36576, 55.89911],
            [37.36573, 55.89921],
            [37.36575, 55.89935],
            [37.36569, 55.89945],
            [37.36552, 55.8996],
            [37.36527, 55.89977],
            [37.36517, 55.89989],
            [37.3648, 55.90007],
            [37.36401, 55.90025],
            [37.36366, 55.9003],
            [37.36337, 55.9003],
            [37.36303, 55.9003],
            [37.36285, 55.90029],
            [37.36269, 55.90031],
            [37.36254, 55.90036],
            [37.36241, 55.90041],
            [37.36236, 55.90044],
            [37.36228, 55.90051],
            [37.3621, 55.90065],
            [37.36197, 55.90078],
            [37.36189, 55.90087],
            [37.36184, 55.90097],
            [37.36183, 55.90113],
            [37.36178, 55.90138],
            [37.36177, 55.90146],
            [37.36179, 55.90155],
            [37.36181, 55.90157],
            [37.36187, 55.90156],
            [37.36207, 55.90147],
            [37.36225, 55.90142],
            [37.36236, 55.90139],
            [37.36242, 55.90138],
            [37.36251, 55.90138],
            [37.36255, 55.9014],
            [37.3626, 55.90142],
            [37.36263, 55.90144],
            [37.36268, 55.90145],
            [37.36275, 55.90145],
            [37.36281, 55.90146],
            [37.36283, 55.90147],
            [37.36284, 55.90149],
            [37.36283, 55.90155],
            [37.36283, 55.90159],
            [37.36283, 55.90161],
            [37.36286, 55.90166],
            [37.36291, 55.9017],
            [37.36294, 55.90172],
            [37.36296, 55.90173],
            [37.363, 55.90175],
            [37.36307, 55.90177],
            [37.36311, 55.9018],
            [37.36315, 55.90183],
            [37.36316, 55.90186],
            [37.36323, 55.9019],
            [37.36328, 55.90194],
            [37.36332, 55.90196],
            [37.36337, 55.90199],
            [37.36355, 55.90208],
            [37.36369, 55.90213],
            [37.3638, 55.90217],
            [37.36385, 55.90218],
            [37.3639, 55.90218],
            [37.36396, 55.90218],
            [37.36414, 55.90217],
            [37.36418, 55.90217],
            [37.36422, 55.90217],
            [37.36425, 55.90219],
            [37.36432, 55.90223],
            [37.36435, 55.90225],
            [37.36438, 55.90226],
            [37.36461, 55.90233],
            [37.36473, 55.90237],
            [37.3648, 55.90239],
            [37.36487, 55.9024],
            [37.36496, 55.90242],
            [37.36508, 55.90242],
            [37.36512, 55.90242],
            [37.36517, 55.90243],
            [37.36521, 55.90245],
            [37.36525, 55.90246],
            [37.36536, 55.90252],
            [37.36541, 55.90255],
            [37.36543, 55.90256],
            [37.36567, 55.90261],
            [37.3658, 55.90265],
            [37.36585, 55.90267],
            [37.36591, 55.9027],
            [37.36598, 55.90273],
            [37.36608, 55.90275],
            [37.36625, 55.90278],
            [37.36642, 55.90281],
            [37.36663, 55.90285],
            [37.36682, 55.90288],
            [37.36688, 55.90289],
            [37.36697, 55.9029],
            [37.36705, 55.9029],
            [37.36708, 55.9029],
            [37.36712, 55.90291],
            [37.36726, 55.90295],
            [37.36735, 55.90297],
            [37.36743, 55.90299],
            [37.36748, 55.90299],
            [37.36761, 55.90301],
            [37.36772, 55.90301],
            [37.36791, 55.90303],
            [37.368, 55.90303],
            [37.36823, 55.90305],
            [37.36833, 55.90306],
            [37.36847, 55.90309],
            [37.36861, 55.90312],
            [37.36876, 55.90313],
            [37.36919, 55.90317],
            [37.36933, 55.90318],
            [37.36945, 55.9032],
            [37.36955, 55.90321],
            [37.36964, 55.90324],
            [37.36978, 55.90328],
            [37.36993, 55.90333],
            [37.37006, 55.9034],
            [37.37014, 55.90343],
            [37.3702, 55.90345],
            [37.37027, 55.90347],
            [37.37022, 55.90356],
            [37.36859, 55.90558],
            [37.36785, 55.90534],
            [37.36628, 55.9067],
            [37.36986, 55.9082],
            [37.37296, 55.90964],
            [37.3768, 55.91124],
            [37.37771, 55.91142],
            [37.37835, 55.91149],
            [37.37923, 55.91149],
            [37.38106, 55.9114],
            [37.38232, 55.91135],
            [37.38301, 55.91136],
            [37.38368, 55.9114],
            [37.384, 55.91143],
            [37.38499, 55.91151],
            [37.38611, 55.91161],
            [37.38672, 55.91166],
            [37.38705, 55.91173],
            [37.38733, 55.91183],
            [37.38934, 55.91259],
            [37.39002, 55.91284],
            [37.39016, 55.91272],
            [37.39024, 55.91265],
            [37.39016, 55.91256],
            [37.39013, 55.91241],
            [37.39009, 55.91091],
            [37.39009, 55.9108],
            [37.39002, 55.90835],
            [37.38999, 55.90741],
            [37.38996, 55.90625],
            [37.38991, 55.9048],
            [37.38991, 55.9046],
            [37.38992, 55.90432],
            [37.38994, 55.90405],
            [37.38997, 55.90383],
            [37.3901, 55.90357],
            [37.39023, 55.90336],
            [37.39043, 55.90312],
            [37.3909, 55.90278],
            [37.39138, 55.90246],
            [37.392, 55.90224],
            [37.39239, 55.90212],
            [37.39285, 55.90201],
            [37.39721, 55.90145],
            [37.39823, 55.90163],
            [37.39839, 55.90162],
            [37.39929, 55.90076],
            [37.40037, 55.8987],
            [37.40057, 55.89835],
            [37.40059, 55.89829],
            [37.4008, 55.8979],
            [37.40288, 55.89421],
            [37.40391, 55.89268],
            [37.40398, 55.8925],
            [37.40409, 55.89228],
            [37.40418, 55.89207],
            [37.40424, 55.89184],
            [37.4043, 55.89162],
            [37.40439, 55.89122],
            [37.4044, 55.89118],
            [37.40403, 55.88862],
            [37.40406, 55.88819],
            [37.40409, 55.88791],
            [37.40416, 55.88768],
            [37.40422, 55.88752],
            [37.40438, 55.88729],
            [37.40451, 55.8871],
            [37.40462, 55.88696],
            [37.40473, 55.8868],
            [37.4049, 55.88666],
            [37.40508, 55.88652],
            [37.40529, 55.88639],
            [37.40558, 55.88623],
            [37.40629, 55.88593],
            [37.40695, 55.88569],
            [37.4094, 55.88492],
            [37.40942, 55.8825],
            [37.40943, 55.88217],
            [37.40942, 55.88069],
            [37.41043, 55.8803],
            [37.41493, 55.87931],
            [37.41413, 55.87909],
            [37.41437, 55.87887],
            [37.41552, 55.87919],
            [37.41566, 55.87914],
            [37.41716, 55.87831],
            [37.42116, 55.87832],
            [37.42116, 55.87792],
            [37.42372, 55.87771],
            [37.4241, 55.878],
            [37.42429, 55.87794],
            [37.42452, 55.87789],
            [37.42479, 55.87782],
            [37.42503, 55.87776],
            [37.42537, 55.87767],
            [37.4256, 55.87761],
            [37.42583, 55.87755],
            [37.42599, 55.87752],
            [37.42619, 55.87748],
            [37.42645, 55.87747],
            [37.42666, 55.87746],
            [37.42686, 55.87748],
            [37.42719, 55.87753],
            [37.42749, 55.87759],
            [37.42776, 55.87764],
            [37.42803, 55.87769],
            [37.42833, 55.87776],
            [37.4286, 55.87781],
            [37.42885, 55.87787],
            [37.4291, 55.87793],
            [37.4294, 55.87799],
            [37.4296, 55.87802],
            [37.42979, 55.87802],
            [37.43008, 55.87798],
            [37.43036, 55.87792],
            [37.43066, 55.87788],
            [37.43095, 55.87785],
            [37.43547, 55.87926],
            [37.43648, 55.87958],
            [37.43778, 55.87856],
            [37.43784, 55.87815],
            [37.43798, 55.87722],
            [37.43872, 55.87653],
            [37.44013, 55.87585],
            [37.44262, 55.87441],
            [37.44494, 55.87342],
            [37.44762, 55.87198],
            [37.44894, 55.87136],
            [37.45145, 55.87026],
            [37.45289, 55.87006],
            [37.45397, 55.87012],
            [37.4546, 55.86849],
            [37.45455, 55.86714],
            [37.45472, 55.86614],
            [37.45509, 55.86469],
            [37.45594, 55.86284],
            [37.45608, 55.86188],
            [37.4566, 55.86086],
            [37.45771, 55.85984],
            [37.45826, 55.85856],
            [37.45882, 55.85764],
            [37.45945, 55.85632],
            [37.45983, 55.8553],
            [37.46018, 55.85411],
            [37.46085, 55.853],
            [37.46101, 55.85181],
            [37.46133, 55.85104],
            [37.46289, 55.85008],
            [37.4636, 55.84909],
            [37.46349, 55.8482],
            [37.46393, 55.84769],
            [37.46446, 55.84712],
            [37.46538, 55.84623],
            [37.46671, 55.84563],
            [37.46807, 55.84468],
            [37.46885, 55.84354],
            [37.46989, 55.84318],
            [37.47035, 55.84273],
            [37.47152, 55.8424],
            [37.47227, 55.84177],
            [37.47251, 55.84098],
            [37.47259, 55.84035],
            [37.47206, 55.83939],
            [37.47178, 55.83855],
            [37.47168, 55.83779],
            [37.47218, 55.83718],
            [37.47422, 55.83597],
            [37.47621, 55.83429],
            [37.47782, 55.83285],
            [37.47855, 55.83196],
            [37.47898, 55.83155],
            [37.47912, 55.83075],
            [37.47832, 55.83047],
            [37.47447, 55.83],
            [37.47442, 55.82983],
            [37.47577, 55.82869],
            [37.47624, 55.82828],
            [37.4763, 55.82823],
            [37.47799, 55.82679],
            [37.4782, 55.82661],
            [37.47849, 55.82657],
            [37.47883, 55.82665],
            [37.48039, 55.82702],
            [37.48139, 55.82701],
            [37.48289, 55.82693],
            [37.48353, 55.82684],
            [37.48428, 55.82671],
            [37.4856, 55.82652],
            [37.48638, 55.82648],
            [37.48716, 55.82648],
            [37.48843, 55.82657],
            [37.48979, 55.82693],
            [37.49029, 55.82706],
            [37.4907, 55.82717],
            [37.49095, 55.82724],
            [37.49108, 55.82727],
            [37.49335, 55.82449],
            [37.49191, 55.82386],
            [37.49062, 55.82312],
            [37.4898, 55.82247],
            [37.48891, 55.82168],
            [37.48791, 55.82062],
            [37.48742, 55.81987],
            [37.48695, 55.81884],
            [37.48669, 55.81792],
            [37.4866, 55.81735],
            [37.48656, 55.81709],
            [37.48668, 55.81687],
            [37.48684, 55.81535],
            [37.48687, 55.81501],
            [37.48703, 55.81395],
            [37.4871, 55.81367],
            [37.48722, 55.81328],
            [37.48736, 55.81299],
            [37.48766, 55.81244],
            [37.4879, 55.8121],
            [37.48858, 55.81127],
            [37.48941, 55.81031],
            [37.49099, 55.8085],
            [37.49317, 55.80596],
            [37.49614, 55.80247],
            [37.49848, 55.79982],
            [37.49956, 55.79859],
            [37.5006, 55.79735],
            [37.50258, 55.79498],
            [37.50325, 55.79386],
            [37.50389, 55.79112],
            [37.50404, 55.79045],
            [37.50439, 55.78858],
            [37.50489, 55.78663],
            [37.50523, 55.78485],
            [37.50576, 55.78267],
            [37.50629, 55.78032],
            [37.50665, 55.77841],
            [37.50685, 55.77786],
            [37.50698, 55.77757],
            [37.50705, 55.77743],
            [37.50744, 55.77682],
            [37.50774, 55.77643],
            [37.50808, 55.77606],
            [37.50864, 55.77545],
            [37.5092, 55.77488],
            [37.50943, 55.77466],
            [37.50969, 55.7744],
            [37.51004, 55.77404],
            [37.51025, 55.77383],
            [37.51055, 55.77352],
            [37.51099, 55.77307],
            [37.51128, 55.77276],
            [37.51171, 55.77228],
            [37.51189, 55.77209],
            [37.51212, 55.77184],
            [37.51252, 55.77142],
            [37.5128, 55.77112],
            [37.51317, 55.77074],
            [37.51334, 55.77056],
            [37.51368, 55.77022],
            [37.51385, 55.77004],
            [37.51401, 55.76987],
            [37.51431, 55.76956],
            [37.51467, 55.76918],
            [37.51479, 55.76904],
            [37.51493, 55.7689],
            [37.51507, 55.76874],
            [37.51524, 55.76857],
            [37.51556, 55.76823],
            [37.51596, 55.76781],
            [37.51633, 55.76743],
            [37.5171, 55.76662],
            [37.51792, 55.76577],
            [37.51874, 55.7649],
            [37.51957, 55.76402],
            [37.51985, 55.76374],
            [37.52014, 55.76344],
            [37.52052, 55.76304],
            [37.52083, 55.76271],
            [37.52123, 55.76227],
            [37.52147, 55.76202],
            [37.52194, 55.76151],
            [37.52187, 55.76149],
            [37.5218, 55.76146],
            [37.52173, 55.76144],
            [37.52166, 55.76142],
            [37.52159, 55.76139],
            [37.52152, 55.76137],
            [37.52117, 55.76124],
            [37.52097, 55.76112],
            [37.52038, 55.7609],
            [37.51993, 55.76072],
            [37.51927, 55.76047],
            [37.51663, 55.75946],
            [37.51567, 55.75909],
            [37.51393, 55.75842]
          ]
        ]
      }
    }
  ]
}